DATE,FLOW,STAGE,TEMP,VDATE
2007-09-30,255,,,44688.1343
2007-10-01,255,,,44687.1343
2007-10-02,227.6,,,44686.1343
2007-10-03,210,,,44685.1343
2007-10-04,212,,,44684.1343
2007-10-05,201,,,44683.1343
2007-10-06,198.2,,,44682.1343
2007-10-07,190.8,,,44681.1343
2007-10-08,208.3,,,44680.1343
2007-10-09,196.7,,,44679.1343
2007-10-10,196.8,,,44678.1343
2007-10-11,195,,,44677.1343
2007-10-12,194,,,44676.1343
2007-10-13,193,,,44675.1343
2007-10-14,193.3,,,44674.1343
2007-10-15,196.7,,,44673.1343
2007-10-16,195,,,44672.1343
2007-10-17,194,,,44671.1343
2007-10-18,195,,,44670.1343
2007-10-19,195,,,44669.1343
2007-10-20,199.4,,,44668.1343
2007-10-21,196.8,,,44667.1343
2007-10-22,193,,,44666.1343
2007-10-23,192,,,44665.1343
2007-10-24,192,,,44664.1343
2007-10-25,192,,,44663.1343
2007-10-26,192,,,44662.1343
2007-10-27,190,,,44661.1343
2007-10-28,194.4,,,44660.1343
2007-10-29,191.6,,,44659.1343
2007-10-30,184,,,44658.1343
2007-10-31,181,,,44657.1343
2007-11-01,180,,,44656.1343
2007-11-02,185.7,,,44655.1343
2007-11-03,180,,,44654.1343
2007-11-04,180,,,44653.1343
2007-11-05,184.6,,,44652.1343
2007-11-06,178,,,44651.1343
2007-11-07,177,,,44650.1343
2007-11-08,179,,,44649.1343
2007-11-09,180,,,44648.1343
2007-11-10,180,,,44647.1343
2007-11-11,180,,,44646.1343
2007-11-12,180,,,44645.1343
2007-11-13,181,,,44644.1343
2007-11-14,181,,,44643.1343
2007-11-15,180,,,44642.1343
2007-11-16,180,,,44641.1343
2007-11-17,180,,,44640.1343
2007-11-18,179,,,44639.1343
2007-11-19,190.6,,,44638.1343
2007-11-20,182,,,44637.1343
2007-11-21,180,,,44636.1343
2007-11-22,180,,,44635.1343
2007-11-23,180,,,44634.1343
2007-11-24,180,,,44633.1343
2007-11-25,180,,,44632.1343
2007-11-26,186,,,44631.1343
2007-11-27,178,,,44630.1343
2007-11-28,176,,,44629.1343
2007-11-29,177,,,44628.1343
2007-11-30,178.3,,,44627.1343
2007-12-01,177,,,44626.1343
2007-12-02,178,,,44625.1343
2007-12-03,164.8,,,44624.1343
2007-12-04,129,,,44623.1343
2007-12-05,129,,,44622.1343
2007-12-06,129,,,44621.1343
2007-12-07,129,,,44620.1343
2007-12-08,128,,,44619.1343
2007-12-09,127,,,44618.1343
2007-12-10,110,,,44617.1343
2007-12-11,98,,,44616.1343
2007-12-12,97,,,44615.1343
2007-12-13,97,,,44614.1343
2007-12-14,97,,,44613.1343
2007-12-15,98,,,44612.1343
2007-12-16,98,,,44611.1343
2007-12-17,105.7,,,44610.1343
2007-12-18,99,,,44609.1343
2007-12-19,101.9,,,44608.1343
2007-12-20,94.5,,,44607.1343
2007-12-21,71,,,44606.1343
2007-12-22,62,,,44605.1343
2007-12-23,62,,,44604.1343
2007-12-24,65,,,44603.1343
2007-12-25,62,,,44602.1343
2007-12-26,61,,,44601.1343
2007-12-27,60,,,44600.1343
2007-12-28,61,,,44599.1343
2007-12-29,60,,,44598.1343
2007-12-30,59,,,44597.1343
2007-12-31,78,,,44596.1343
2008-01-01,100,,,44595.1343
2008-01-02,121,,,44594.1343
2008-01-03,146,,,44593.1343
2008-01-04,86,,,44592.1343
2008-01-05,32,,,44591.1343
2008-01-06,33,,,44590.1343
2008-01-07,32,,,44589.1343
2008-01-08,55,,,44588.1343
2008-01-09,97,,,44587.1343
2008-01-10,110,,,44586.1343
2008-01-11,115,,,44585.1343
2008-01-12,140,,,44584.1343
2008-01-13,147.3,,,44583.1343
2008-01-14,90,,,44582.1343
2008-01-15,36,,,44581.1343
2008-01-16,36,,,44580.1343
2008-01-17,48,,,44579.1343
2008-01-18,61,,,44578.1343
2008-01-19,73,,,44577.1343
2008-01-20,82,,,44576.1343
2008-01-21,91,,,44575.1343
2008-01-22,99,,,44574.1343
2008-01-23,99,,,44573.1343
2008-01-24,99,,,44572.1343
2008-01-25,87,,,44571.1343
2008-01-26,39.7,,,44570.1343
2008-01-27,30,,,44569.1343
2008-01-28,31,,,44568.1343
2008-01-29,31,,,44567.1343
2008-01-30,30,,,44566.1343
2008-01-31,30,,,44565.1343
2008-02-01,30,,,44564.1343
2008-02-02,30,,,44563.1343
2008-02-03,31,,,44562.1343
2008-02-04,562,,,44561.1343
2008-02-05,1281,,,44560.1343
2008-02-06,794,,,44559.1343
2008-02-07,494,,,44558.1343
2008-02-08,494,,,44557.1343
2008-02-09,494,,,44556.1343
2008-02-10,494,,,44555.1343
2008-02-11,497,,,44554.1343
2008-02-12,727,,,44553.1343
2008-02-13,446,,,44552.1343
2008-02-14,915,,,44551.1343
2008-02-15,955,,,44550.1343
2008-02-16,378,,,44549.1343
2008-02-17,368,,,44548.1343
2008-02-18,378,,,44547.1343
2008-02-19,296,,,44546.1343
2008-02-20,98,,,44545.1343
2008-02-21,98,,,44544.1343
2008-02-22,98,,,44543.1343
2008-02-23,97,,,44542.1343
2008-02-24,99.7,,,44541.1343
2008-02-25,97,,,44540.1343
2008-02-26,102,,,44539.1343
2008-02-27,112,,,44538.1343
2008-02-28,110,,,44537.1343
2008-03-01,116.8,,,44535.1343
2008-03-02,114.5,,,44534.1343
2008-03-03,110,,,44533.1343
2008-03-04,110,,,44532.1343
2008-03-05,110,,,44531.1343
2008-03-06,112,,,44530.1343
2008-03-07,113,,,44529.1343
2008-03-08,127.6,,,44528.1343
2008-03-09,130,,,44527.1343
2008-03-10,131.6,,,44526.1343
2008-03-11,128,,,44525.1343
2008-03-12,133,,,44524.1343
2008-03-13,142,,,44523.1343
2008-03-14,162,,,44522.1343
2008-03-15,150.7,,,44521.1343
2008-03-16,109.9,,,44520.1343
2008-03-17,118,,,44519.1343
2008-03-18,115,,,44518.1343
2008-03-19,97,,,44517.1343
2008-03-20,102,,,44516.1343
2008-03-21,107,,,44515.1343
2008-03-22,107,,,44514.1343
2008-03-23,120,,,44513.1343
2008-03-24,133.8,,,44512.1343
2008-03-25,132.4,,,44511.1343
2008-03-26,130,,,44510.1343
2008-03-27,136.2,,,44509.1343
2008-03-28,136.9,,,44508.1343
2008-03-29,130,,,44507.1343
2008-03-30,144,,,44506.1343
2008-03-31,157.6,,,44505.1343
2008-04-01,187.4,,,44504.1343
2008-04-02,167,,,44503.1343
2008-04-03,180.2,,,44502.1343
2008-04-04,192.4,,,44501.1343
2008-04-05,190.1,,,44500.1343
2008-04-06,195,,,44499.1343
2008-04-07,184.8,,,44498.1343
2008-04-08,184.8,,,44497.1343
2008-04-09,189.9,,,44496.1343
2008-04-10,189,,,44495.1343
2008-04-11,181.3,,,44494.1343
2008-04-12,165.7,,,44493.1343
2008-04-13,179,,,44492.1343
2008-04-14,177,,,44491.1343
2008-04-15,179,,,44490.1343
2008-04-16,177.6,,,44489.1343
2008-04-17,176.5,,,44488.1343
2008-04-18,186,,,44487.1343
2008-04-19,186,,,44486.1343
2008-04-20,184,,,44485.1343
2008-04-21,193,,,44484.1343
2008-04-22,209,,,44483.1343
2008-04-23,216,,,44482.1343
2008-04-24,215,,,44481.1343
2008-04-25,216,,,44480.1343
2008-04-26,216,,,44479.1343
2008-04-27,204.4,,,44478.1343
2008-04-28,199,,,44477.1343
2008-04-29,198,,,44476.1343
2008-04-30,208.9,,,44475.1343
2008-05-01,204.9,,,44474.1343
2008-05-02,196,,,44473.1343
2008-05-03,191.9,,,44472.1343
2008-05-04,180,,,44471.1343
2008-05-05,175,,,44470.1343
2008-05-06,170,,,44469.1343
2008-05-07,167.8,,,44468.1343
2008-05-08,166.9,,,44467.1343
2008-05-09,164.3,,,44466.1343
2008-05-10,164,,,44465.1343
2008-05-11,163,,,44464.1343
2008-05-12,165,,,44463.1343
2008-05-13,168,,,44462.1343
2008-05-14,170.9,,,44461.1343
2008-05-15,187.3,,,44460.1343
2008-05-16,194.6,,,44459.1343
2008-05-17,194.9,,,44458.1343
2008-05-18,196.7,,,44457.1343
2008-05-19,190,,,44456.1343
2008-05-20,191,,,44455.1343
2008-05-21,197,,,44454.1343
2008-05-22,202,,,44453.1343
2008-05-23,203,,,44452.1343
2008-05-24,202,,,44451.1343
2008-05-25,213,,,44450.1343
2008-05-26,203.8,,,44449.1343
2008-05-27,190,,,44448.1343
2008-05-28,190,,,44447.1343
2008-05-29,192,,,44446.1343
2008-05-30,199,,,44445.1343
2008-05-31,199,,,44444.1343
2008-06-01,145.9,,,44443.1343
2008-06-02,125.2,,,44442.1343
2008-06-03,127.4,,,44441.1343
2008-06-04,123.1,,,44440.1343
2008-06-05,120.1,,,44439.1343
2008-06-06,120,,,44438.1343
2008-06-07,125,,,44437.1343
2008-06-08,132.3,,,44436.1343
2008-06-09,125,,,44435.1343
2008-06-10,122,,,44434.1343
2008-06-11,131,,,44433.1343
2008-06-12,139,,,44432.1343
2008-06-13,143,,,44431.1343
2008-06-14,158,,,44430.1343
2008-06-15,143,,,44429.1343
2008-06-16,143,,,44428.1343
2008-06-17,143,,,44427.1343
2008-06-18,147.9,,,44426.1343
2008-06-19,146.7,,,44425.1343
2008-06-20,138.2,,,44424.1343
2008-06-21,172,,,44423.1343
2008-06-22,170.7,,,44422.1343
2008-06-23,160,,,44421.1343
2008-06-24,178,,,44420.1343
2008-06-25,186.8,,,44419.1343
2008-06-26,185.9,,,44418.1343
2008-06-27,180,,,44417.1343
2008-06-28,183,,,44416.1343
2008-06-29,184,,,44415.1343
2008-06-30,187.1,,,44414.1343
2008-07-01,188.1,,,44413.1343
2008-07-02,188.7,,,44412.1343
2008-07-03,183.9,,,44411.1343
2008-07-04,183.7,,,44410.1343
2008-07-05,187.7,,,44409.1343
2008-07-06,188.6,,,44408.1343
2008-07-07,179,,,44407.1343
2008-07-08,176,,,44406.1343
2008-07-09,197.6,,,44405.1343
2008-07-10,212,,,44404.1343
2008-07-11,225.3,,,44403.1343
2008-07-12,227,,,44402.1343
2008-07-13,239.6,,,44401.1343
2008-07-14,232.3,,,44400.1343
2008-07-15,240.7,,,44399.1343
2008-07-16,231,,,44398.1343
2008-07-17,231,,,44397.1343
2008-07-18,230,,,44396.1343
2008-07-19,232.6,,,44395.1343
2008-07-20,245.7,,,44394.1343
2008-07-21,231.9,,,44393.1343
2008-07-22,238,,,44392.1343
2008-07-23,243,,,44391.1343
2008-07-24,229,,,44390.1343
2008-07-25,233,,,44389.1343
2008-07-26,240.2,,,44388.1343
2008-07-27,245,,,44387.1343
2008-07-28,238,,,44386.1343
2008-07-29,240,,,44385.1343
2008-07-30,243,,,44384.1343
2008-07-31,238.2,,,44383.1343
2008-08-01,234.1,,,44382.1343
2008-08-02,241.4,,,44381.1343
2008-08-03,235.9,,,44380.1343
2008-08-04,233.9,,,44379.1343
2008-08-05,230.9,,,44378.1343
2008-08-06,231.4,,,44377.1343
2008-08-07,227.8,,,44376.1343
2008-08-08,232.4,,,44375.1343
2008-08-09,229.4,,,44374.1343
2008-08-10,223.8,,,44373.1343
2008-08-11,226.4,,,44372.1343
2008-08-12,223.8,,,44371.1343
2008-08-13,217.4,,,44370.1343
2008-08-14,214.4,,,44369.1343
2008-08-15,207.8,,,44368.1343
2008-08-16,209.4,,,44367.1343
2008-08-17,209.4,,,44366.1343
2008-08-18,208.8,,,44365.1343
2008-08-19,203.8,,,44364.1343
2008-08-20,203.3,,,44363.1343
2008-08-21,198.8,,,44362.1343
2008-08-22,200.9,,,44361.1343
2008-08-23,210,,,44360.1343
2008-08-24,216.7,,,44359.1343
2008-08-25,213.4,,,44358.1343
2008-08-26,211,,,44357.1343
2008-08-27,212.6,,,44356.1343
2008-08-28,230.4,,,44355.1343
2008-08-29,239,,,44354.1343
2008-08-30,244,,,44353.1343
2008-08-31,244.3,,,44352.1343
2008-09-01,242,,,44351.1343
2008-09-02,261.8,,,44350.1343
2008-09-03,270.8,,,44349.1343
2008-09-04,258.8,,,44348.1343
2008-09-05,249.8,,,44347.1343
2008-09-06,255.4,,,44346.1343
2008-09-07,249.8,,,44345.1343
2008-09-08,249.8,,,44344.1343
2008-09-09,249.8,,,44343.1343
2008-09-10,252.8,,,44342.1343
2008-09-11,261.4,,,44341.1343
2008-09-12,249.4,,,44340.1343
2008-09-13,229.4,,,44339.1343
2008-09-14,229.4,,,44338.1343
2008-09-15,221.8,,,44337.1343
2008-09-16,223.8,,,44336.1343
2008-09-17,167.8,,,44335.1343
2008-09-18,255.8,,,44334.1343
2008-09-19,256.3,,,44333.1343
2008-09-20,257.6,,,44332.1343
2008-09-21,258.8,,,44331.1343
2008-09-22,239.8,,,44330.1343
2008-09-23,223.8,,,44329.1343
2008-09-24,226.2,,,44328.1343
2008-09-25,226.4,,,44327.1343
2008-09-26,225.2,,,44326.1343
2008-09-27,228.2,,,44325.1343
2008-09-28,224,,,44324.1343
2008-09-29,202.5,,,44323.1343
2008-09-30,174.5,,,44322.1343
2008-10-01,188.9,,,44321.1343
2008-10-02,164.3,,,44320.1343
2008-10-03,158,,,44319.1343
2008-10-04,149,,,44318.1343
2008-10-05,142,,,44317.1343
2008-10-06,140,,,44316.1343
2008-10-07,154.6,,,44315.1343
2008-10-08,140.5,,,44314.1343
2008-10-09,140,,,44313.1343
2008-10-10,142.6,,,44312.1343
2008-10-11,142.8,,,44311.1343
2008-10-12,141.9,,,44310.1343
2008-10-13,134,,,44309.1343
2008-10-14,138.7,,,44308.1343
2008-10-15,126,,,44307.1343
2008-10-16,111,,,44306.1343
2008-10-17,112,,,44305.1343
2008-10-18,113,,,44304.1343
2008-10-19,120,,,44303.1343
2008-10-20,129,,,44302.1343
2008-10-21,131,,,44301.1343
2008-10-22,130,,,44300.1343
2008-10-23,124,,,44299.1343
2008-10-24,131.7,,,44298.1343
2008-10-25,143,,,44297.1343
2008-10-26,142,,,44296.1343
2008-10-27,143.7,,,44295.1343
2008-10-28,152.8,,,44294.1343
2008-10-29,152.8,,,44293.1343
2008-10-30,153.8,,,44292.1343
2008-10-31,136.6,,,44291.1343
2008-11-01,121.6,,,44290.1343
2008-11-02,118,,,44289.1343
2008-11-03,105,,,44288.1343
2008-11-04,91,,,44287.1343
2008-11-05,93.2,,,44286.1343
2008-11-06,91,,,44285.1343
2008-11-07,91,,,44284.1343
2008-11-08,91,,,44283.1343
2008-11-09,91,,,44282.1343
2008-11-10,91,,,44281.1343
2008-11-11,90,,,44280.1343
2008-11-12,88,,,44279.1343
2008-11-13,88,,,44278.1343
2008-11-14,88,,,44277.1343
2008-11-15,88,,,44276.1343
2008-11-16,89,,,44275.1343
2008-11-17,88,,,44274.1343
2008-11-18,88,,,44273.1343
2008-11-19,85,,,44272.1343
2008-11-20,85,,,44271.1343
2008-11-21,86,,,44270.1343
2008-11-22,85,,,44269.1343
2008-11-23,85,,,44268.1343
2008-11-24,88,,,44267.1343
2008-11-25,91,,,44266.1343
2008-11-26,91,,,44265.1343
2008-11-27,91,,,44264.1343
2008-11-28,95,,,44263.1343
2008-11-29,90.7,,,44262.1343
2008-11-30,94,,,44261.1343
2008-12-01,90,,,44260.1343
2008-12-02,85.3,,,44259.1343
2008-12-03,86.2,,,44258.1343
2008-12-04,85,,,44257.1343
2008-12-05,89.4,,,44256.1343
2008-12-06,88.7,,,44255.1343
2008-12-07,89.8,,,44254.1343
2008-12-08,90,,,44253.1343
2008-12-09,96,,,44252.1343
2008-12-10,92,,,44251.1343
2008-12-11,108,,,44250.1343
2008-12-12,134,,,44249.1343
2008-12-13,134,,,44248.1343
2008-12-14,134,,,44247.1343
2008-12-15,134,,,44246.1343
2008-12-16,129,,,44245.1343
2008-12-17,130.9,,,44244.1343
2008-12-18,128,,,44243.1343
2008-12-19,131.6,,,44242.1343
2008-12-20,128,,,44241.1343
2008-12-21,130.1,,,44240.1343
2008-12-22,116,,,44239.1343
2008-12-23,78.4,,,44238.1343
2008-12-24,77,,,44237.1343
2008-12-25,77,,,44236.1343
2008-12-26,49,,,44235.1343
2008-12-27,28,,,44234.1343
2008-12-28,27,,,44233.1343
2008-12-29,26,,,44232.1343
2008-12-30,26,,,44231.1343
2008-12-31,41,,,44230.1343
2009-01-01,77,,,44229.1343
2009-01-02,92,,,44228.1343
2009-01-03,97,,,44227.1343
2009-01-04,97,,,44226.1343
2009-01-05,97,,,44225.1343
2009-01-06,91,,,44224.1343
2009-01-07,63,,,44223.1343
2009-01-08,72,,,44222.1343
2009-01-09,89,,,44221.1343
2009-01-10,113,,,44220.1343
2009-01-11,116,,,44219.1343
2009-01-12,107,,,44218.1343
2009-01-13,93,,,44217.1343
2009-01-14,102,,,44216.1343
2009-01-15,113,,,44215.1343
2009-01-16,111,,,44214.1343
2009-01-17,110,,,44213.1343
2009-01-18,110,,,44212.1343
2009-01-19,118,,,44211.1343
2009-01-20,123,,,44210.1343
2009-01-21,125,,,44209.1343
2009-01-22,128.9,,,44208.1343
2009-01-23,146,,,44207.1343
2009-01-24,145,,,44206.1343
2009-01-25,144,,,44205.1343
2009-01-26,142.1,,,44204.1343
2009-01-27,143.4,,,44203.1343
2009-01-28,148.2,,,44202.1343
2009-01-29,147,,,44201.1343
2009-01-30,145.8,,,44200.1343
2009-01-31,147.7,,,44199.1343
2009-02-01,91.9,,,44198.1343
2009-02-02,78.2,,,44197.1343
2009-02-03,78.2,,,44196.1343
2009-02-04,78.2,,,44195.1343
2009-02-05,74.7,,,44194.1343
2009-02-06,74.6,,,44193.1343
2009-02-07,73.9,,,44192.1343
2009-02-08,72.1,,,44191.1343
2009-02-09,72.1,,,44190.1343
2009-02-10,72.5,,,44189.1343
2009-02-11,60.5,,,44188.1343
2009-02-12,44.7,,,44187.1343
2009-02-13,29.9,,,44186.1343
2009-02-14,27.7,,,44185.1343
2009-02-15,32.7,,,44184.1343
2009-02-16,38,,,44183.1343
2009-02-17,38,,,44182.1343
2009-02-18,38,,,44181.1343
2009-02-19,37.1,,,44180.1343
2009-02-20,37.3,,,44179.1343
2009-02-21,49,,,44178.1343
2009-02-22,49,,,44177.1343
2009-02-23,49,,,44176.1343
2009-02-24,48,,,44175.1343
2009-02-25,43.1,,,44174.1343
2009-02-26,29,,,44173.1343
2009-02-27,30,,,44172.1343
2009-02-28,30,,,44171.1343
2009-03-01,32.3,,,44170.1343
2009-03-02,28.6,,,44169.1343
2009-03-03,30,,,44168.1343
2009-03-04,26,,,44167.1343
2009-03-05,27,,,44166.1343
2009-03-06,27,,,44165.1343
2009-03-07,29.2,,,44164.1343
2009-03-08,28.7,,,44163.1343
2009-03-09,28.1,,,44162.1343
2009-03-10,29.1,,,44161.1343
2009-03-11,44.2,,,44160.1343
2009-03-12,41,,,44159.1343
2009-03-13,70.7,,,44158.1343
2009-03-14,61,,,44157.1343
2009-03-15,59,,,44156.1343
2009-03-16,35,,,44155.1343
2009-03-17,28.1,,,44154.1343
2009-03-18,27.8,,,44153.1343
2009-03-19,25.2,,,44152.1343
2009-03-20,33,,,44151.1343
2009-03-21,45,,,44150.1343
2009-03-22,45,,,44149.1343
2009-03-23,42,,,44148.1343
2009-03-24,35.7,,,44147.1343
2009-03-25,36.6,,,44146.1343
2009-03-26,32,,,44145.1343
2009-03-27,39,,,44144.1343
2009-03-28,47,,,44143.1343
2009-03-29,47,,,44142.1343
2009-03-30,62.2,,,44141.1343
2009-03-31,62,,,44140.1343
2009-04-01,78.2,,,44139.1343
2009-04-02,103.7,,,44138.1343
2009-04-03,131,,,44137.1343
2009-04-04,144.1,,,44136.1343
2009-04-05,167.1,,,44135.1343
2009-04-06,154.1,,,44134.1343
2009-04-07,132.6,,,44133.1343
2009-04-08,73.7,,,44132.1343
2009-04-09,69.7,,,44131.1343
2009-04-10,42.7,,,44130.1343
2009-04-11,65,,,44129.1343
2009-04-12,55.7,,,44128.1343
2009-04-13,63.7,,,44127.1343
2009-04-14,118.2,,,44126.1343
2009-04-15,141.4,,,44125.1343
2009-04-16,141.9,,,44124.1343
2009-04-17,76.9,,,44123.1343
2009-04-18,69,,,44122.1343
2009-04-19,67,,,44121.1343
2009-04-20,67,,,44120.1343
2009-04-21,66.7,,,44119.1343
2009-04-22,67,,,44118.1343
2009-04-23,72.5,,,44117.1343
2009-04-24,74.4,,,44116.1343
2009-04-25,83,,,44115.1343
2009-04-26,76.2,,,44114.1343
2009-04-27,79.1,,,44113.1343
2009-04-28,87.4,,,44112.1343
2009-04-29,113,,,44111.1343
2009-04-30,84.5,,,44110.1343
2009-05-01,77.6,,,44109.1343
2009-05-02,69.7,,,44108.1343
2009-05-03,46,,,44107.1343
2009-05-04,37.3,,,44106.1343
2009-05-05,39.3,,,44105.1343
2009-05-06,26.5,,,44104.1343
2009-05-07,26.5,,,44103.1343
2009-05-08,26.5,,,44102.1343
2009-05-09,28.5,,,44101.1343
2009-05-10,28.5,,,44100.1343
2009-05-11,28.5,,,44099.1343
2009-05-12,32.3,,,44098.1343
2009-05-13,33.5,,,44097.1343
2009-05-14,33.5,,,44096.1343
2009-05-15,38.2,,,44095.1343
2009-05-16,38.5,,,44094.1343
2009-05-17,44.5,,,44093.1343
2009-05-18,50.5,,,44092.1343
2009-05-19,53.5,,,44091.1343
2009-05-20,53.5,,,44090.1343
2009-05-21,60.3,,,44089.1343
2009-05-22,63.6,,,44088.1343
2009-05-23,68.3,,,44087.1343
2009-05-24,73.5,,,44086.1343
2009-05-25,74,,,44085.1343
2009-05-26,72.5,,,44084.1343
2009-05-27,76.5,,,44083.1343
2009-05-28,85.5,,,44082.1343
2009-05-29,95.5,,,44081.1343
2009-05-30,97.2,,,44080.1343
2009-05-31,94.9,,,44079.1343
2009-06-01,94.2,,,44078.1343
2009-06-02,93.7,,,44077.1343
2009-06-03,93.7,,,44076.1343
2009-06-04,97.4,,,44075.1343
2009-06-05,100.5,,,44074.1343
2009-06-06,105.5,,,44073.1343
2009-06-07,115.5,,,44072.1343
2009-06-08,123.7,,,44071.1343
2009-06-09,121.5,,,44070.1343
2009-06-10,118.5,,,44069.1343
2009-06-11,118.3,,,44068.1343
2009-06-12,115.8,,,44067.1343
2009-06-13,109.5,,,44066.1343
2009-06-14,108.5,,,44065.1343
2009-06-15,107.5,,,44064.1343
2009-06-16,107.5,,,44063.1343
2009-06-17,111.4,,,44062.1343
2009-06-18,121.5,,,44061.1343
2009-06-19,120.3,,,44060.1343
2009-06-20,115.5,,,44059.1343
2009-06-21,115.5,,,44058.1343
2009-06-22,117.5,,,44057.1343
2009-06-23,105.5,,,44056.1343
2009-06-24,106.7,,,44055.1343
2009-06-25,104.5,,,44054.1343
2009-06-26,108.3,,,44053.1343
2009-06-27,118.2,,,44052.1343
2009-06-28,112.5,,,44051.1343
2009-06-29,112.2,,,44050.1343
2009-06-30,106.5,,,44049.1343
2009-07-01,107.5,,,44048.1343
2009-07-02,111.3,,,44047.1343
2009-07-03,109.8,,,44046.1343
2009-07-04,111.4,,,44045.1343
2009-07-05,107.5,,,44044.1343
2009-07-06,107.5,,,44043.1343
2009-07-07,114,,,44042.1343
2009-07-08,113.5,,,44041.1343
2009-07-09,111.7,,,44040.1343
2009-07-10,109.5,,,44039.1343
2009-07-11,107.5,,,44038.1343
2009-07-12,107.5,,,44037.1343
2009-07-13,107.5,,,44036.1343
2009-07-14,108.5,,,44035.1343
2009-07-15,103.3,,,44034.1343
2009-07-16,103.6,,,44033.1343
2009-07-17,96.5,,,44032.1343
2009-07-18,100.5,,,44031.1343
2009-07-19,105.3,,,44030.1343
2009-07-20,102.2,,,44029.1343
2009-07-21,118.5,,,44028.1343
2009-07-22,122.5,,,44027.1343
2009-07-23,123.5,,,44026.1343
2009-07-24,125.8,,,44025.1343
2009-07-25,128.4,,,44024.1343
2009-07-26,121.4,,,44023.1343
2009-07-27,109,,,44022.1343
2009-07-28,108.5,,,44021.1343
2009-07-29,114.5,,,44020.1343
2009-07-30,120.5,,,44019.1343
2009-07-31,124.2,,,44018.1343
2009-08-01,128.4,,,44017.1343
2009-08-02,127.4,,,44016.1343
2009-08-03,116.1,,,44015.1343
2009-08-04,115.5,,,44014.1343
2009-08-05,115.5,,,44013.1343
2009-08-06,118.5,,,44012.1343
2009-08-07,118.5,,,44011.1343
2009-08-08,118.5,,,44010.1343
2009-08-09,125.4,,,44009.1343
2009-08-10,122.4,,,44008.1343
2009-08-11,118.2,,,44007.1343
2009-08-12,108,,,44006.1343
2009-08-13,114.5,,,44005.1343
2009-08-14,114.7,,,44004.1343
2009-08-15,113.2,,,44003.1343
2009-08-16,112,,,44002.1343
2009-08-17,108.1,,,44001.1343
2009-08-18,113,,,44000.1343
2009-08-19,109,,,43999.1343
2009-08-20,107.5,,,43998.1343
2009-08-21,106.9,,,43997.1343
2009-08-22,97.5,,,43996.1343
2009-08-23,104.1,,,43995.1343
2009-08-24,100.6,,,43994.1343
2009-08-25,104.6,,,43993.1343
2009-08-26,115.3,,,43992.1343
2009-08-27,115.5,,,43991.1343
2009-08-28,121.5,,,43990.1343
2009-08-29,129.5,,,43989.1343
2009-08-30,130.5,,,43988.1343
2009-08-31,139,,,43987.1343
2009-09-01,135.5,,,43986.1343
2009-09-02,135.1,,,43985.1343
2009-09-03,132.1,,,43984.1343
2009-09-04,130.9,,,43983.1343
2009-09-05,123.6,,,43982.1343
2009-09-06,120.5,,,43981.1343
2009-09-07,128,,,43980.1343
2009-09-08,121.5,,,43979.1343
2009-09-09,125.5,,,43978.1343
2009-09-10,124.9,,,43977.1343
2009-09-11,122.5,,,43976.1343
2009-09-12,131.9,,,43975.1343
2009-09-13,129.5,,,43974.1343
2009-09-14,123.3,,,43973.1343
2009-09-15,101.5,,,43972.1343
2009-09-16,84.7,,,43971.1343
2009-09-17,119.9,,,43970.1343
2009-09-18,120.4,,,43969.1343
2009-09-19,112.9,,,43968.1343
2009-09-20,107.5,,,43967.1343
2009-09-21,109.3,,,43966.1343
2009-09-22,111.9,,,43965.1343
2009-09-23,110,,,43964.1343
2009-09-24,116.7,,,43963.1343
2009-09-25,130.5,,,43962.1343
2009-09-26,127.5,,,43961.1343
2009-09-27,132.1,,,43960.1343
2009-09-28,127.5,,,43959.1343
2009-09-29,137.5,,,43958.1343
2009-09-30,145.5,,,43957.1341
2009-10-01,143.7,,,43956.1341
2009-10-02,145,,,43955.1341
2009-10-03,153.4,,,43954.1341
2009-10-04,166.3,,,43953.1341
2009-10-05,181.9,,,43952.1341
2009-10-06,187.5,,,43951.1341
2009-10-07,194.5,,,43950.1341
2009-10-08,202,,,43949.1341
2009-10-09,202,,,43948.1341
2009-10-10,197.5,,,43947.1341
2009-10-11,197.5,,,43946.1341
2009-10-12,188.5,,,43945.1341
2009-10-13,162.7,,,43944.1341
2009-10-14,125.5,,,43943.1341
2009-10-15,118.5,,,43942.1341
2009-10-16,131,,,43941.1341
2009-10-17,140.5,,,43940.1341
2009-10-18,142.5,,,43939.1341
2009-10-19,127.5,,,43938.1341
2009-10-20,103.5,,,43937.1341
2009-10-21,87.5,,,43936.1341
2009-10-22,87.5,,,43935.1341
2009-10-23,92,,,43934.1341
2009-10-24,87.5,,,43933.1341
2009-10-25,94.5,,,43932.1341
2009-10-26,117.5,,,43931.1341
2009-10-27,136.5,,,43930.1341
2009-10-28,139.1,,,43929.1341
2009-10-29,138.5,,,43928.1341
2009-10-30,139.5,,,43927.1341
2009-10-31,139.5,,,43926.1341
2009-11-01,139.5,,,43925.1341
2009-11-02,139.5,,,43924.1341
2009-11-03,139.5,,,43923.1341
2009-11-04,145.9,,,43922.1341
2009-11-05,139.5,,,43921.1341
2009-11-06,137.5,,,43920.1341
2009-11-07,142.1,,,43919.1341
2009-11-08,138.5,,,43918.1341
2009-11-09,139.5,,,43917.1341
2009-11-10,136.5,,,43916.1341
2009-11-11,136.5,,,43915.1341
2009-11-12,144.5,,,43914.1341
2009-11-13,149.5,,,43913.1341
2009-11-14,149.5,,,43912.1341
2009-11-15,150.5,,,43911.1341
2009-11-16,149.5,,,43910.1341
2009-11-17,148.5,,,43909.1341
2009-11-18,153.4,,,43908.1341
2009-11-19,149.5,,,43907.1341
2009-11-20,148.5,,,43906.1341
2009-11-21,149.5,,,43905.1341
2009-11-22,150.5,,,43904.1341
2009-11-23,153.2,,,43903.1341
2009-11-24,148.5,,,43902.1341
2009-11-25,149.5,,,43901.1341
2009-11-26,148.5,,,43900.1341
2009-11-27,148.5,,,43899.1341
2009-11-28,148.5,,,43898.1341
2009-11-29,148.5,,,43897.1341
2009-11-30,151.6,,,43896.1341
2009-12-01,148,,,43895.1341
2009-12-02,157,,,43894.1341
2009-12-03,162,,,43893.1341
2009-12-04,166,,,43892.1341
2009-12-05,159,,,43891.1341
2009-12-06,159,,,43890.1341
2009-12-07,159,,,43889.1341
2009-12-08,158,,,43888.1341
2009-12-09,160,,,43887.1341
2009-12-10,155,,,43886.1341
2009-12-11,155,,,43885.1341
2009-12-12,159,,,43884.1341
2009-12-13,155,,,43883.1341
2009-12-14,156,,,43882.1341
2009-12-15,158.8,,,43881.1341
2009-12-16,127,,,43880.1341
2009-12-17,113,,,43879.1341
2009-12-18,124,,,43878.1341
2009-12-19,132,,,43877.1341
2009-12-20,134.3,,,43876.1341
2009-12-21,131.7,,,43875.1341
2009-12-22,112,,,43874.1341
2009-12-23,114.8,,,43873.1341
2009-12-24,111,,,43872.1341
2009-12-25,110,,,43871.1341
2009-12-26,109,,,43870.1341
2009-12-27,112,,,43869.1341
2009-12-28,111,,,43868.1341
2009-12-29,111,,,43867.1341
2009-12-30,111,,,43866.1341
2009-12-31,116,,,43865.1341
2010-01-01,111,,,43864.1341
2010-01-02,97,,,43863.1341
2010-01-03,97,,,43862.1341
2010-01-04,92,,,43861.1341
2010-01-05,93,,,43860.1341
2010-01-06,107,,,43859.1341
2010-01-07,116,,,43858.1341
2010-01-08,119,,,43857.1341
2010-01-09,121,,,43856.1341
2010-01-10,121,,,43855.1341
2010-01-11,121,,,43854.1341
2010-01-12,92,,,43853.1341
2010-01-13,32,,,43852.1341
2010-01-14,45.8,,,43851.1341
2010-01-15,95.8,,,43850.1341
2010-01-16,93,,,43849.1341
2010-01-17,93,,,43848.1341
2010-01-18,58,,,43847.1341
2010-01-19,29,,,43846.1341
2010-01-20,30,,,43845.1341
2010-01-21,29,,,43844.1341
2010-01-22,30,,,43843.1341
2010-01-23,30,,,43842.1341
2010-01-24,30,,,43841.1341
2010-01-25,34,,,43840.1341
2010-01-26,29,,,43839.1341
2010-01-27,29,,,43838.1341
2010-01-28,28,,,43837.1341
2010-01-29,28,,,43836.1341
2010-01-30,28,,,43835.1341
2010-01-31,28,,,43834.1341
2010-02-01,28.5,,,43833.1341
2010-02-02,32.1,,,43832.1341
2010-02-03,28,,,43831.1341
2010-02-04,27,,,43830.1341
2010-02-05,27,,,43829.1341
2010-02-06,27,,,43828.1341
2010-02-07,27,,,43827.1341
2010-02-08,191,,,43826.1341
2010-02-09,347,,,43825.1341
2010-02-10,346,,,43824.1341
2010-02-11,432,,,43823.1341
2010-02-12,523,,,43822.1341
2010-02-13,237,,,43821.1341
2010-02-14,230,,,43820.1341
2010-02-15,230,,,43819.1341
2010-02-16,230,,,43818.1341
2010-02-17,226,,,43817.1341
2010-02-18,227,,,43816.1341
2010-02-19,227,,,43815.1341
2010-02-20,237.7,,,43814.1341
2010-02-21,226.8,,,43813.1341
2010-02-22,226,,,43812.1341
2010-02-23,226,,,43811.1341
2010-02-24,226,,,43810.1341
2010-02-25,226,,,43809.1341
2010-02-26,226,,,43808.1341
2010-02-27,228,,,43807.1341
2010-02-28,235.9,,,43806.1341
2010-03-01,575,,,43805.1341
2010-03-02,876,,,43804.1341
2010-03-03,775,,,43803.1341
2010-03-04,325,,,43802.1341
2010-03-05,88,,,43801.1341
2010-03-06,70,,,43800.1341
2010-03-07,57,,,43799.1341
2010-03-08,57,,,43798.1341
2010-03-09,73,,,43797.1341
2010-03-10,92,,,43796.1341
2010-03-11,92,,,43795.1341
2010-03-12,94,,,43794.1341
2010-03-13,97,,,43793.1341
2010-03-14,97,,,43792.1341
2010-03-15,106,,,43791.1341
2010-03-16,97,,,43790.1341
2010-03-17,99,,,43789.1341
2010-03-18,99,,,43788.1341
2010-03-19,98,,,43787.1341
2010-03-20,97,,,43786.1341
2010-03-21,97,,,43785.1341
2010-03-22,101.9,,,43784.1341
2010-03-23,97,,,43783.1341
2010-03-24,97,,,43782.1341
2010-03-25,97,,,43781.1341
2010-03-26,98,,,43780.1341
2010-03-27,107.1,,,43779.1341
2010-03-28,106.5,,,43778.1341
2010-03-29,101.1,,,43777.1341
2010-03-30,80,,,43776.1341
2010-03-31,59,,,43775.1341
2010-04-01,59,,,43774.1341
2010-04-02,59,,,43773.1341
2010-04-03,59,,,43772.1341
2010-04-04,67.6,,,43771.1341
2010-04-05,70.1,,,43770.1341
2010-04-06,59,,,43769.1341
2010-04-07,58,,,43768.1341
2010-04-08,57,,,43767.1341
2010-04-09,61.5,,,43766.1341
2010-04-10,61.5,,,43765.1341
2010-04-11,62.3,,,43764.1341
2010-04-12,57,,,43763.1341
2010-04-13,57,,,43762.1341
2010-04-14,58,,,43761.1341
2010-04-15,59.6,,,43760.1341
2010-04-16,62.5,,,43759.1341
2010-04-17,57,,,43758.1341
2010-04-18,57.7,,,43757.1341
2010-04-19,72,,,43756.1341
2010-04-20,92,,,43755.1341
2010-04-21,94,,,43754.1341
2010-04-22,95,,,43753.1341
2010-04-23,120,,,43752.1341
2010-04-24,143.6,,,43751.1341
2010-04-25,140,,,43750.1341
2010-04-26,139,,,43749.1341
2010-04-27,139,,,43748.1341
2010-04-28,139,,,43747.1341
2010-04-29,139,,,43746.1341
2010-04-30,143.9,,,43745.1341
2010-05-01,134.5,,,43744.1341
2010-05-02,137.1,,,43743.1341
2010-05-03,136.8,,,43742.1341
2010-05-04,135.5,,,43741.1341
2010-05-05,141,,,43740.1341
2010-05-06,138.5,,,43739.1341
2010-05-07,141.5,,,43738.1341
2010-05-08,143.1,,,43737.1341
2010-05-09,142,,,43736.1341
2010-05-10,143.7,,,43735.1341
2010-05-11,138.5,,,43734.1341
2010-05-12,138.5,,,43733.1341
2010-05-13,146.9,,,43732.1341
2010-05-14,140.2,,,43731.1341
2010-05-15,138.5,,,43730.1341
2010-05-16,140.6,,,43729.1341
2010-05-17,138.5,,,43728.1341
2010-05-18,140.5,,,43727.1341
2010-05-19,142.5,,,43726.1341
2010-05-20,144.5,,,43725.1341
2010-05-21,144.5,,,43724.1341
2010-05-22,146.5,,,43723.1341
2010-05-23,148.5,,,43722.1341
2010-05-24,155.3,,,43721.1341
2010-05-25,154.8,,,43720.1341
2010-05-26,155.8,,,43719.1341
2010-05-27,150.8,,,43718.1341
2010-05-28,147.5,,,43717.1341
2010-05-29,145.5,,,43716.1341
2010-05-30,144.5,,,43715.1341
2010-05-31,147.8,,,43714.1341
2010-06-01,144.5,,,43713.1341
2010-06-02,152.1,,,43712.1341
2010-06-03,147,,,43711.1341
2010-06-04,144.5,,,43710.1341
2010-06-05,144.5,,,43709.1341
2010-06-06,150.9,,,43708.1341
2010-06-07,145.3,,,43707.1341
2010-06-08,144.5,,,43706.1341
2010-06-09,144.5,,,43705.1341
2010-06-10,144.5,,,43704.1341
2010-06-11,147.7,,,43703.1341
2010-06-12,145.6,,,43702.1341
2010-06-13,146.9,,,43701.1341
2010-06-14,145.6,,,43700.1341
2010-06-15,148,,,43699.1341
2010-06-16,142.6,,,43698.1341
2010-06-17,137.5,,,43697.1341
2010-06-18,141,,,43696.1341
2010-06-19,139.6,,,43695.1341
2010-06-20,140.5,,,43694.1341
2010-06-21,146.4,,,43693.1341
2010-06-22,138.9,,,43692.1341
2010-06-23,138.5,,,43691.1341
2010-06-24,142.7,,,43690.1341
2010-06-25,139.6,,,43689.1341
2010-06-26,140.6,,,43688.1341
2010-06-27,139.6,,,43687.1341
2010-06-28,142.4,,,43686.1341
2010-06-29,142.4,,,43685.1341
2010-06-30,137,,,43684.1341
2010-07-01,138.1,,,43683.1341
2010-07-02,149.2,,,43682.1341
2010-07-03,158.5,,,43681.1341
2010-07-04,155.9,,,43680.1341
2010-07-05,152.5,,,43679.1341
2010-07-06,159,,,43678.1341
2010-07-07,159.2,,,43677.1341
2010-07-08,156.5,,,43676.1341
2010-07-09,154.4,,,43675.1341
2010-07-10,154.7,,,43674.1341
2010-07-11,151.5,,,43673.1341
2010-07-12,143.5,,,43672.1341
2010-07-13,135.5,,,43671.1341
2010-07-14,138.4,,,43670.1341
2010-07-15,134.5,,,43669.1341
2010-07-16,138.6,,,43668.1341
2010-07-17,137.8,,,43667.1341
2010-07-18,142.5,,,43666.1341
2010-07-19,142.5,,,43665.1341
2010-07-20,135.5,,,43664.1341
2010-07-21,135.5,,,43663.1341
2010-07-22,135.5,,,43662.1341
2010-07-23,135.5,,,43661.1341
2010-07-24,135.5,,,43660.1341
2010-07-25,135.5,,,43659.1341
2010-07-26,135.5,,,43658.1341
2010-07-27,138.5,,,43657.1341
2010-07-28,148.5,,,43656.1341
2010-07-29,151.5,,,43655.1341
2010-07-30,151.5,,,43654.1341
2010-07-31,151.5,,,43653.1341
2010-08-01,157,,,43652.1341
2010-08-02,156.1,,,43651.1341
2010-08-03,157.2,,,43650.1341
2010-08-04,160.5,,,43649.1341
2010-08-05,167.9,,,43648.1341
2010-08-06,173.2,,,43647.1341
2010-08-07,175.8,,,43646.1341
2010-08-08,179.5,,,43645.1341
2010-08-09,182.5,,,43644.1341
2010-08-10,176.5,,,43643.1341
2010-08-11,177.3,,,43642.1341
2010-08-12,172.5,,,43641.1341
2010-08-13,175,,,43640.1341
2010-08-14,172.5,,,43639.1341
2010-08-15,188.3,,,43638.1341
2010-08-16,185.1,,,43637.1341
2010-08-17,179.5,,,43636.1341
2010-08-18,180.5,,,43635.1341
2010-08-19,181.5,,,43634.1341
2010-08-20,151.8,,,43633.1341
2010-08-21,134.2,,,43632.1341
2010-08-22,139.5,,,43631.1341
2010-08-23,140.5,,,43630.1341
2010-08-24,146.5,,,43629.1341
2010-08-25,142.5,,,43628.1341
2010-08-26,146.9,,,43627.1341
2010-08-27,138.5,,,43626.1341
2010-08-28,135.5,,,43625.1341
2010-08-29,142.1,,,43624.1341
2010-08-30,141.5,,,43623.1341
2010-08-31,140.1,,,43622.1341
2010-09-01,134.8,,,43621.1341
2010-09-02,135.1,,,43620.1341
2010-09-03,131.7,,,43619.1341
2010-09-04,139.1,,,43618.1341
2010-09-05,150.5,,,43617.1341
2010-09-06,143,,,43616.1341
2010-09-07,138.5,,,43615.1341
2010-09-08,142.5,,,43614.1341
2010-09-09,130.5,,,43613.1341
2010-09-10,129,,,43612.1341
2010-09-11,126.7,,,43611.1341
2010-09-12,127.5,,,43610.1341
2010-09-13,130.5,,,43609.1341
2010-09-14,132.5,,,43608.1341
2010-09-15,101.6,,,43607.1341
2010-09-16,129.5,,,43606.1341
2010-09-17,124.7,,,43605.1341
2010-09-18,124.5,,,43604.1341
2010-09-19,131.7,,,43603.1341
2010-09-20,129.8,,,43602.1341
2010-09-21,118.5,,,43601.1341
2010-09-22,122.5,,,43600.1341
2010-09-23,124.5,,,43599.1341
2010-09-24,124.5,,,43598.1341
2010-09-25,124.7,,,43597.1341
2010-09-26,132.3,,,43596.1341
2010-09-27,133.2,,,43595.1341
2010-09-28,125.7,,,43594.1341
2010-09-29,125.5,,,43593.1341
2010-09-30,129.5,,,43592.1342
2010-10-01,139.2,,,43591.1342
2010-10-02,131.1,,,43590.1342
2010-10-03,126.5,,,43589.1342
2010-10-04,125.5,,,43588.1342
2010-10-05,133,,,43587.1342
2010-10-06,129.7,,,43586.1342
2010-10-07,131.5,,,43585.1342
2010-10-08,134.5,,,43584.1342
2010-10-09,158.5,,,43583.1342
2010-10-10,206.7,,,43582.1342
2010-10-11,293.9,,,43581.1342
2010-10-12,918.5,,,43580.1342
2010-10-13,1169.5,,,43579.1342
2010-10-14,790.5,,,43578.1342
2010-10-15,589.5,,,43577.1342
2010-10-16,494.5,,,43576.1342
2010-10-17,422.5,,,43575.1342
2010-10-18,403.5,,,43574.1342
2010-10-19,331.5,,,43573.1342
2010-10-20,226.2,,,43572.1342
2010-10-21,222.5,,,43571.1342
2010-10-22,217.5,,,43570.1342
2010-10-23,210.5,,,43569.1342
2010-10-24,212.5,,,43568.1342
2010-10-25,214.5,,,43567.1342
2010-10-26,214.5,,,43566.1342
2010-10-27,214.5,,,43565.1342
2010-10-28,214.5,,,43564.1342
2010-10-29,214.5,,,43563.1342
2010-10-30,219,,,43562.1342
2010-10-31,224.5,,,43561.1342
2010-11-01,214.5,,,43560.1342
2010-11-02,207.5,,,43559.1342
2010-11-03,199.5,,,43558.1342
2010-11-04,399.5,,,43557.1342
2010-11-05,176.5,,,43556.1342
2010-11-06,210.5,,,43555.1342
2010-11-07,210.5,,,43554.1342
2010-11-08,298.5,,,43553.1342
2010-11-09,397.5,,,43552.1342
2010-11-10,397.5,,,43551.1342
2010-11-11,397.5,,,43550.1342
2010-11-12,397.5,,,43549.1342
2010-11-13,397.5,,,43548.1342
2010-11-14,397.5,,,43547.1342
2010-11-15,397.5,,,43546.1342
2010-11-16,335.5,,,43545.1342
2010-11-17,275.5,,,43544.1342
2010-11-18,222.5,,,43543.1342
2010-11-19,177.5,,,43542.1342
2010-11-20,177.5,,,43541.1342
2010-11-21,177.5,,,43540.1342
2010-11-22,177.5,,,43539.1342
2010-11-23,177.5,,,43538.1342
2010-11-24,177.5,,,43537.1342
2010-11-25,177.5,,,43536.1342
2010-11-26,177.5,,,43535.1342
2010-11-27,177.5,,,43534.1342
2010-11-28,177.5,,,43533.1342
2010-11-29,177.5,,,43532.1342
2010-11-30,253.5,,,43531.1342
2010-12-01,296.9,,,43530.1342
2010-12-02,301,,,43529.1342
2010-12-03,300,,,43528.1342
2010-12-04,301,,,43527.1342
2010-12-05,301,,,43526.1342
2010-12-06,304,,,43525.1342
2010-12-07,693,,,43524.1342
2010-12-08,993,,,43523.1342
2010-12-09,596,,,43522.1342
2010-12-10,346,,,43521.1342
2010-12-11,346,,,43520.1342
2010-12-12,352.9,,,43519.1342
2010-12-13,348,,,43518.1342
2010-12-14,349,,,43517.1342
2010-12-15,350,,,43516.1342
2010-12-16,350,,,43515.1342
2010-12-17,350,,,43514.1342
2010-12-18,351,,,43513.1342
2010-12-19,354,,,43512.1342
2010-12-20,751,,,43511.1342
2010-12-21,1101,,,43510.1342
2010-12-22,1099,,,43509.1342
2010-12-23,1098,,,43508.1342
2010-12-24,807,,,43507.1342
2010-12-25,372,,,43506.1342
2010-12-26,350,,,43505.1342
2010-12-27,743,,,43504.1342
2010-12-28,686,,,43503.1342
2010-12-29,226.3,,,43502.1342
2010-12-30,1292.3,,,43501.1342
2010-12-31,2296.1,,,43500.1342
2011-01-01,468,,,43499.1342
2011-01-02,468,,,43498.1342
2011-01-03,1302,,,43497.1342
2011-01-04,493,,,43496.1342
2011-01-05,493,,,43495.1342
2011-01-06,480,,,43494.1342
2011-01-07,458,,,43493.1342
2011-01-08,456,,,43492.1342
2011-01-09,456,,,43491.1342
2011-01-10,456,,,43490.1342
2011-01-11,456,,,43489.1342
2011-01-12,456,,,43488.1342
2011-01-13,456,,,43487.1342
2011-01-14,456,,,43486.1342
2011-01-15,456,,,43485.1342
2011-01-16,456,,,43484.1342
2011-01-17,456,,,43483.1342
2011-01-18,456,,,43482.1342
2011-01-19,456,,,43481.1342
2011-01-20,456,,,43480.1342
2011-01-21,447,,,43479.1342
2011-01-22,439,,,43478.1342
2011-01-23,442.6,,,43477.1342
2011-01-24,433.2,,,43476.1342
2011-01-25,426.4,,,43475.1342
2011-01-26,426,,,43474.1342
2011-01-27,323.1,,,43473.1342
2011-01-28,195,,,43472.1342
2011-01-29,253,,,43471.1342
2011-01-30,253,,,43470.1342
2011-01-31,298.8,,,43469.1342
2011-02-01,502,,,43468.1342
2011-02-02,406,,,43467.1342
2011-02-03,291,,,43466.1342
2011-02-04,312,,,43465.1342
2011-02-05,317,,,43464.1342
2011-02-06,317,,,43463.1342
2011-02-07,315,,,43462.1342
2011-02-08,311,,,43461.1342
2011-02-09,311,,,43460.1342
2011-02-10,311,,,43459.1342
2011-02-11,292,,,43458.1342
2011-02-12,253,,,43457.1342
2011-02-13,253,,,43456.1342
2011-02-14,253,,,43455.1342
2011-02-15,257,,,43454.1342
2011-02-16,258,,,43453.1342
2011-02-17,258,,,43452.1342
2011-02-18,258,,,43451.1342
2011-02-19,258,,,43450.1342
2011-02-20,258,,,43449.1342
2011-02-21,258,,,43448.1342
2011-02-22,258,,,43447.1342
2011-02-23,380,,,43446.1342
2011-02-24,481,,,43445.1342
2011-02-25,482,,,43444.1342
2011-02-26,491,,,43443.1342
2011-02-27,501.1,,,43442.1342
2011-02-28,493.4,,,43441.1342
2011-03-01,548,,,43440.1342
2011-03-02,1156,,,43439.1342
2011-03-03,2449,,,43438.1342
2011-03-04,1135,,,43437.1342
2011-03-05,340,,,43436.1342
2011-03-06,340,,,43435.1342
2011-03-07,264,,,43434.1342
2011-03-08,224,,,43433.1342
2011-03-09,219,,,43432.1342
2011-03-10,219,,,43431.1342
2011-03-11,219,,,43430.1342
2011-03-12,219,,,43429.1342
2011-03-13,219,,,43428.1342
2011-03-14,185,,,43427.1342
2011-03-15,72,,,43426.1342
2011-03-16,72,,,43425.1342
2011-03-17,113,,,43424.1342
2011-03-18,1218,,,43423.1342
2011-03-19,346,,,43422.1342
2011-03-20,334,,,43421.1342
2011-03-21,1668.5,,,43420.1342
2011-03-22,3110,,,43419.1342
2011-03-23,949,,,43418.1342
2011-03-24,225,,,43417.1342
2011-03-25,219,,,43416.1342
2011-03-26,215,,,43415.1342
2011-03-27,1320,,,43414.1342
2011-03-28,4024,,,43413.1342
2011-03-29,3045,,,43412.1342
2011-03-30,2334,,,43411.1342
2011-03-31,1511,,,43410.1342
2011-04-01,884,,,43409.1342
2011-04-02,224,,,43408.1342
2011-04-03,226.3,,,43407.1342
2011-04-04,211,,,43406.1342
2011-04-05,140,,,43405.1342
2011-04-06,134.3,,,43404.1342
2011-04-07,155.3,,,43403.1342
2011-04-08,160.3,,,43402.1342
2011-04-09,172.7,,,43401.1342
2011-04-10,174.1,,,43400.1342
2011-04-11,166.8,,,43399.1342
2011-04-12,175.4,,,43398.1342
2011-04-13,171,,,43397.1342
2011-04-14,184,,,43396.1342
2011-04-15,170.9,,,43395.1342
2011-04-16,167,,,43394.1342
2011-04-17,174.3,,,43393.1342
2011-04-18,172.2,,,43392.1342
2011-04-19,169,,,43391.1342
2011-04-20,182,,,43390.1342
2011-04-21,182,,,43389.1342
2011-04-22,180,,,43388.1342
2011-04-23,178,,,43387.1342
2011-04-24,182.1,,,43386.1342
2011-04-25,178,,,43385.1342
2011-04-26,178,,,43384.1342
2011-04-27,178,,,43383.1342
2011-04-28,198.4,,,43382.1342
2011-04-29,223.5,,,43381.1342
2011-04-30,236.4,,,43380.1342
2011-05-01,216.5,,,43379.1342
2011-05-02,211.5,,,43378.1342
2011-05-03,201.5,,,43377.1342
2011-05-04,202.5,,,43376.1342
2011-05-05,205.2,,,43375.1342
2011-05-06,200.5,,,43374.1342
2011-05-07,199.5,,,43373.1342
2011-05-08,204,,,43372.1342
2011-05-09,203.8,,,43371.1342
2011-05-10,199.5,,,43370.1342
2011-05-11,193.5,,,43369.1342
2011-05-12,186.5,,,43368.1342
2011-05-13,186.5,,,43367.1342
2011-05-14,189.5,,,43366.1342
2011-05-15,194.5,,,43365.1342
2011-05-16,190.5,,,43364.1342
2011-05-17,178.5,,,43363.1342
2011-05-18,177.5,,,43362.1342
2011-05-19,178.5,,,43361.1342
2011-05-20,194.7,,,43360.1342
2011-05-21,200.2,,,43359.1342
2011-05-22,195.5,,,43358.1342
2011-05-23,190.5,,,43357.1342
2011-05-24,190.5,,,43356.1342
2011-05-25,190.5,,,43355.1342
2011-05-26,187.6,,,43354.1342
2011-05-27,186.5,,,43353.1342
2011-05-28,186.5,,,43352.1342
2011-05-29,186.5,,,43351.1342
2011-05-30,187.5,,,43350.1342
2011-05-31,195.8,,,43349.1342
2011-06-01,191.5,,,43348.1342
2011-06-02,190.5,,,43347.1342
2011-06-03,190.5,,,43346.1342
2011-06-04,190.5,,,43345.1342
2011-06-05,190.5,,,43344.1342
2011-06-06,198.9,,,43343.1342
2011-06-07,160.4,,,43342.1342
2011-06-08,113.5,,,43341.1342
2011-06-09,99.5,,,43340.1342
2011-06-10,99.5,,,43339.1342
2011-06-11,98.5,,,43338.1342
2011-06-12,98.5,,,43337.1342
2011-06-13,98.5,,,43336.1342
2011-06-14,98.5,,,43335.1342
2011-06-15,107.4,,,43334.1342
2011-06-16,111.8,,,43333.1342
2011-06-17,112.5,,,43332.1342
2011-06-18,114.5,,,43331.1342
2011-06-19,115.5,,,43330.1342
2011-06-20,122.9,,,43329.1342
2011-06-21,134.2,,,43328.1342
2011-06-22,136.6,,,43327.1342
2011-06-23,137.6,,,43326.1342
2011-06-24,137.6,,,43325.1342
2011-06-25,137.6,,,43324.1342
2011-06-26,147.2,,,43323.1342
2011-06-27,147.3,,,43322.1342
2011-06-28,137.6,,,43321.1342
2011-06-29,137.6,,,43320.1342
2011-06-30,137.6,,,43319.1342
2011-07-01,137.6,,,43318.1342
2011-07-02,159.1,,,43317.1342
2011-07-03,168.3,,,43316.1342
2011-07-04,156.2,,,43315.1342
2011-07-05,148.6,,,43314.1342
2011-07-06,149.6,,,43313.1342
2011-07-07,159.7,,,43312.1342
2011-07-08,165,,,43311.1342
2011-07-09,167,,,43310.1342
2011-07-10,168.4,,,43309.1342
2011-07-11,169.8,,,43308.1342
2011-07-12,159.9,,,43307.1342
2011-07-13,166.9,,,43306.1342
2011-07-14,166.9,,,43305.1342
2011-07-15,166.9,,,43304.1342
2011-07-16,167.3,,,43303.1342
2011-07-17,176.7,,,43302.1342
2011-07-18,175.6,,,43301.1342
2011-07-19,162.8,,,43300.1342
2011-07-20,162.6,,,43299.1342
2011-07-21,162.5,,,43298.1342
2011-07-22,167,,,43297.1342
2011-07-23,163.9,,,43296.1342
2011-07-24,176.2,,,43295.1342
2011-07-25,176.4,,,43294.1342
2011-07-26,169.5,,,43293.1342
2011-07-27,172.5,,,43292.1342
2011-07-28,170.5,,,43291.1342
2011-07-29,166.9,,,43290.1342
2011-07-30,183.5,,,43289.1342
2011-07-31,171.9,,,43288.1342
2011-08-01,162.5,,,43287.1342
2011-08-02,155.5,,,43286.1342
2011-08-03,151.6,,,43285.1342
2011-08-04,156.1,,,43284.1342
2011-08-05,151.6,,,43283.1342
2011-08-06,165,,,43282.1342
2011-08-07,173.6,,,43281.1342
2011-08-08,153.6,,,43280.1342
2011-08-09,148.6,,,43279.1342
2011-08-10,148.6,,,43278.1342
2011-08-11,155.6,,,43277.1342
2011-08-12,178.6,,,43276.1342
2011-08-13,187,,,43275.1342
2011-08-14,198.7,,,43274.1342
2011-08-15,200.4,,,43273.1342
2011-08-16,186.7,,,43272.1342
2011-08-17,186.6,,,43271.1342
2011-08-18,189.6,,,43270.1342
2011-08-19,192.6,,,43269.1342
2011-08-20,197.9,,,43268.1342
2011-08-21,209,,,43267.1342
2011-08-22,209,,,43266.1342
2011-08-23,202,,,43265.1342
2011-08-24,203.6,,,43264.1342
2011-08-25,203.6,,,43263.1342
2011-08-26,203.6,,,43262.1342
2011-08-27,217.8,,,43261.1342
2011-08-28,239.5,,,43260.1342
2011-08-29,238.4,,,43259.1342
2011-08-30,221.6,,,43258.1342
2011-08-31,221.6,,,43257.1342
2011-09-01,224.6,,,43256.1342
2011-09-02,230.6,,,43255.1342
2011-09-03,230.6,,,43254.1342
2011-09-04,238.3,,,43253.1342
2011-09-05,240,,,43252.1342
2011-09-06,240,,,43251.1342
2011-09-07,231.9,,,43250.1342
2011-09-08,233.6,,,43249.1342
2011-09-09,235.8,,,43248.1342
2011-09-10,239.8,,,43247.1342
2011-09-11,247.7,,,43246.1342
2011-09-12,252.4,,,43245.1342
2011-09-13,230.8,,,43244.1342
2011-09-14,230.7,,,43243.1342
2011-09-15,234.7,,,43242.1342
2011-09-16,235.6,,,43241.1342
2011-09-17,240.2,,,43240.1342
2011-09-18,244.4,,,43239.1342
2011-09-19,391.1,,,43238.1342
2011-09-20,243.6,,,43237.1342
2011-09-21,248.8,,,43236.1342
2011-09-22,250.9,,,43235.1342
2011-09-23,250.6,,,43234.1342
2011-09-24,259.2,,,43233.1342
2011-09-25,268.3,,,43232.1342
2011-09-26,256,,,43231.1342
2011-09-27,245.6,,,43230.1342
2011-09-28,245.8,,,43229.1342
2011-09-29,245.6,,,43228.1342
2011-09-30,241.6,,,43227.1342
2011-10-01,235.6,,,43226.1342
2011-10-02,239.4,,,43225.1342
2011-10-03,253.6,,,43224.1342
2011-10-04,241.6,,,43223.1342
2011-10-05,156.6,,,43222.1342
2011-10-06,188.6,,,43221.1342
2011-10-07,186.6,,,43220.1342
2011-10-08,186.6,,,43219.1342
2011-10-09,186.6,,,43218.1342
2011-10-10,186.6,,,43217.1342
2011-10-11,186.6,,,43216.1342
2011-10-12,186.6,,,43215.1342
2011-10-13,181.6,,,43214.1342
2011-10-14,175.6,,,43213.1342
2011-10-15,217.6,,,43212.1342
2011-10-16,273.6,,,43211.1342
2011-10-17,445.6,,,43210.1342
2011-10-18,537.6,,,43209.1342
2011-10-19,542.6,,,43208.1342
2011-10-20,600.6,,,43207.1342
2011-10-21,602.6,,,43206.1342
2011-10-22,603.6,,,43205.1342
2011-10-23,603.6,,,43204.1342
2011-10-24,603.6,,,43203.1342
2011-10-25,597.6,,,43202.1342
2011-10-26,589.6,,,43201.1342
2011-10-27,577.6,,,43200.1342
2011-10-28,591.5,,,43199.1342
2011-10-29,582.6,,,43198.1342
2011-10-30,580.6,,,43197.1342
2011-10-31,580.6,,,43196.1342
2011-11-01,515.6,,,43195.1342
2011-11-02,380,,,43194.1342
2011-11-03,298.6,,,43193.1342
2011-11-04,298.6,,,43192.1342
2011-11-05,298.6,,,43191.1342
2011-11-06,307.3,,,43190.1342
2011-11-07,307.8,,,43189.1342
2011-11-08,256.6,,,43188.1342
2011-11-09,207.6,,,43187.1342
2011-11-10,255.9,,,43186.1342
2011-11-11,255.6,,,43185.1342
2011-11-12,256.6,,,43184.1342
2011-11-13,264.3,,,43183.1342
2011-11-14,269.9,,,43182.1342
2011-11-15,234.6,,,43181.1342
2011-11-16,221.6,,,43180.1342
2011-11-17,221.6,,,43179.1342
2011-11-18,221.6,,,43178.1342
2011-11-19,221.6,,,43177.1342
2011-11-20,221.6,,,43176.1342
2011-11-21,221.6,,,43175.1342
2011-11-22,221.6,,,43174.1342
2011-11-23,221.6,,,43173.1342
2011-11-24,221.6,,,43172.1342
2011-11-25,221.6,,,43171.1342
2011-11-26,221.6,,,43170.1342
2011-11-27,221.6,,,43169.1342
2011-11-28,221.6,,,43168.1342
2011-11-29,202.6,,,43167.1342
2011-11-30,202.6,,,43166.1342
2011-12-01,188.6,,,43165.1342
2011-12-02,170.6,,,43164.1342
2011-12-03,166.6,,,43163.1342
2011-12-04,166.6,,,43162.1342
2011-12-05,168.9,,,43161.1342
2011-12-06,170.9,,,43160.1342
2011-12-07,167,,,43159.1342
2011-12-08,163.2,,,43158.1342
2011-12-09,159.6,,,43157.1342
2011-12-10,156.7,,,43156.1342
2011-12-11,156.8,,,43155.1342
2011-12-12,156.8,,,43154.1342
2011-12-13,160.8,,,43153.1342
2011-12-14,156.8,,,43152.1342
2011-12-15,157.2,,,43151.1342
2011-12-16,157.5,,,43150.1342
2011-12-17,154.6,,,43149.1342
2011-12-18,154.6,,,43148.1342
2011-12-19,154.6,,,43147.1342
2011-12-20,159.4,,,43146.1342
2011-12-21,154.7,,,43145.1342
2011-12-22,162.8,,,43144.1342
2011-12-23,159.3,,,43143.1342
2011-12-24,157.7,,,43142.1342
2011-12-25,157.7,,,43141.1342
2011-12-26,163.8,,,43140.1342
2011-12-27,159.2,,,43139.1342
2011-12-28,157.6,,,43138.1342
2011-12-29,157,,,43137.1342
2011-12-30,156,,,43136.1342
2011-12-31,155,,,43135.1342
2012-01-01,166,,,43134.1342
2012-01-02,167,,,43133.1342
2012-01-03,170,,,43132.1342
2012-01-04,162.4,,,43131.1342
2012-01-05,151.8,,,43130.1342
2012-01-06,160.1,,,43129.1342
2012-01-07,161.7,,,43128.1342
2012-01-08,160,,,43127.1342
2012-01-09,161,,,43126.1342
2012-01-10,162,,,43125.1342
2012-01-11,160,,,43124.1342
2012-01-12,158,,,43123.1342
2012-01-13,158,,,43122.1342
2012-01-14,160.9,,,43121.1342
2012-01-15,162.9,,,43120.1342
2012-01-16,158,,,43119.1342
2012-01-17,158,,,43118.1342
2012-01-18,159,,,43117.1342
2012-01-19,159,,,43116.1342
2012-01-20,158,,,43115.1342
2012-01-21,157,,,43114.1342
2012-01-22,157,,,43113.1342
2012-01-23,157,,,43112.1342
2012-01-24,151,,,43111.1342
2012-01-25,111,,,43110.1342
2012-01-26,90,,,43109.1342
2012-01-27,90,,,43108.1342
2012-01-28,89,,,43107.1342
2012-01-29,92.6,,,43106.1342
2012-01-30,99.5,,,43105.1342
2012-01-31,91,,,43104.1342
2012-02-01,58,,,43103.1342
2012-02-02,36,,,43102.1342
2012-02-03,39,,,43101.1342
2012-02-04,44,,,43100.1342
2012-02-05,44,,,43099.1342
2012-02-06,43,,,43098.1342
2012-02-07,43,,,43097.1342
2012-02-08,43,,,43096.1342
2012-02-09,43,,,43095.1342
2012-02-10,43,,,43094.1342
2012-02-11,43,,,43093.1342
2012-02-12,43,,,43092.1342
2012-02-13,43,,,43091.1342
2012-02-14,43,,,43090.1342
2012-02-15,43,,,43089.1342
2012-02-16,43,,,43088.1342
2012-02-17,72,,,43087.1342
2012-02-18,89,,,43086.1342
2012-02-19,89,,,43085.1342
2012-02-20,89,,,43084.1342
2012-02-21,89,,,43083.1342
2012-02-22,89,,,43082.1342
2012-02-23,65,,,43081.1342
2012-02-24,44,,,43080.1342
2012-02-25,46,,,43079.1342
2012-02-26,55,,,43078.1342
2012-02-27,64.2,,,43077.1342
2012-02-28,49,,,43076.1342
2012-03-01,43,,,43074.1342
2012-03-02,43,,,43073.1342
2012-03-03,43,,,43072.1342
2012-03-04,43,,,43071.1342
2012-03-05,43,,,43070.1342
2012-03-06,43,,,43069.1342
2012-03-07,43,,,43068.1342
2012-03-08,43,,,43067.1342
2012-03-09,43,,,43066.1342
2012-03-10,43,,,43065.1342
2012-03-11,43,,,43064.1342
2012-03-12,43,,,43063.1342
2012-03-13,44,,,43062.1342
2012-03-14,44,,,43061.1342
2012-03-15,44,,,43060.1342
2012-03-16,44,,,43059.1342
2012-03-17,113,,,43058.1342
2012-03-18,117,,,43057.1342
2012-03-19,117,,,43056.1342
2012-03-20,115,,,43055.1342
2012-03-21,84,,,43054.1342
2012-03-22,36,,,43053.1342
2012-03-23,27,,,43052.1342
2012-03-24,28,,,43051.1342
2012-03-25,28,,,43050.1342
2012-03-26,28,,,43049.1342
2012-03-27,29,,,43048.1342
2012-03-28,29,,,43047.1342
2012-03-29,28,,,43046.1342
2012-03-30,28,,,43045.1342
2012-03-31,37.4,,,43044.1342
2012-04-01,32.5,,,43043.1342
2012-04-02,29,,,43042.1342
2012-04-03,29,,,43041.1342
2012-04-04,40,,,43040.1342
2012-04-05,52.1,,,43039.1342
2012-04-06,57.4,,,43038.1342
2012-04-07,56.9,,,43037.1342
2012-04-08,79.2,,,43036.1342
2012-04-09,95,,,43035.1342
2012-04-10,95,,,43034.1342
2012-04-11,95,,,43033.1342
2012-04-12,82,,,43032.1342
2012-04-13,69,,,43031.1342
2012-04-14,68,,,43030.1342
2012-04-15,68,,,43029.1342
2012-04-16,67,,,43028.1342
2012-04-17,69,,,43027.1342
2012-04-18,67,,,43026.1342
2012-04-19,97,,,43025.1342
2012-04-20,138,,,43024.1342
2012-04-21,138,,,43023.1342
2012-04-22,138,,,43022.1342
2012-04-23,152.2,,,43021.1342
2012-04-24,158,,,43020.1342
2012-04-25,158,,,43019.1342
2012-04-26,158,,,43018.1342
2012-04-27,153,,,43017.1342
2012-04-28,151,,,43016.1342
2012-04-29,151,,,43015.1342
2012-04-30,167.9,,,43014.1342
2012-05-01,173.6,,,43013.1342
2012-05-02,151,,,43012.1342
2012-05-03,102,,,43011.1342
2012-05-04,102,,,43010.1342
2012-05-05,102,,,43009.1342
2012-05-06,111.3,,,43008.1342
2012-05-07,111.4,,,43007.1342
2012-05-08,102.1,,,43006.1342
2012-05-09,101,,,43005.1342
2012-05-10,97,,,43004.1342
2012-05-11,95,,,43003.1342
2012-05-12,95,,,43002.1342
2012-05-13,96,,,43001.1342
2012-05-14,101,,,43000.1342
2012-05-15,104.5,,,42999.1342
2012-05-16,114.5,,,42998.1342
2012-05-17,110.1,,,42997.1342
2012-05-18,110.1,,,42996.1342
2012-05-19,110.1,,,42995.1342
2012-05-20,109.1,,,42994.1342
2012-05-21,109.1,,,42993.1342
2012-05-22,107.1,,,42992.1342
2012-05-23,114,,,42991.1342
2012-05-24,113.9,,,42990.1342
2012-05-25,115,,,42989.1342
2012-05-26,114.4,,,42988.1342
2012-05-27,119.4,,,42987.1342
2012-05-28,122.5,,,42986.1342
2012-05-29,119.2,,,42985.1342
2012-05-30,115,,,42984.1342
2012-05-31,111.8,,,42983.1342
2012-06-01,112,,,42982.1342
2012-06-02,119,,,42981.1342
2012-06-03,120,,,42980.1342
2012-06-04,124,,,42979.1342
2012-06-05,121,,,42978.1342
2012-06-06,119,,,42977.1342
2012-06-07,119,,,42976.1342
2012-06-08,123.4,,,42975.1342
2012-06-09,119.5,,,42974.1342
2012-06-10,124,,,42973.1342
2012-06-11,137.5,,,42972.1342
2012-06-12,137.9,,,42971.1342
2012-06-13,129,,,42970.1342
2012-06-14,124,,,42969.1342
2012-06-15,116,,,42968.1342
2012-06-16,119.7,,,42967.1342
2012-06-17,125.4,,,42966.1342
2012-06-18,126,,,42965.1342
2012-06-19,123.2,,,42964.1342
2012-06-20,127.3,,,42963.1342
2012-06-21,133.3,,,42962.1342
2012-06-22,126.2,,,42961.1342
2012-06-23,126,,,42960.1342
2012-06-24,125.3,,,42959.1342
2012-06-25,128,,,42958.1342
2012-06-26,124.1,,,42957.1342
2012-06-27,131.8,,,42956.1342
2012-06-28,128.9,,,42955.1342
2012-06-29,137,,,42954.1342
2012-06-30,146.3,,,42953.1342
2012-07-01,151.3,,,42952.1342
2012-07-02,154.4,,,42951.1342
2012-07-03,146,,,42950.1342
2012-07-04,143.6,,,42949.1342
2012-07-05,151.4,,,42948.1342
2012-07-06,142.3,,,42947.1342
2012-07-07,146,,,42946.1342
2012-07-08,152,,,42945.1342
2012-07-09,159,,,42944.1342
2012-07-10,157.2,,,42943.1342
2012-07-11,175.9,,,42942.1342
2012-07-12,174.2,,,42941.1342
2012-07-13,185,,,42940.1342
2012-07-14,185.6,,,42939.1342
2012-07-15,189.3,,,42938.1342
2012-07-16,189.4,,,42937.1342
2012-07-17,180.8,,,42936.1342
2012-07-18,172,,,42935.1342
2012-07-19,168,,,42934.1342
2012-07-20,168,,,42933.1342
2012-07-21,172,,,42932.1342
2012-07-22,183.6,,,42931.1342
2012-07-23,177.5,,,42930.1342
2012-07-24,163.9,,,42929.1342
2012-07-25,170.7,,,42928.1342
2012-07-26,174.6,,,42927.1342
2012-07-27,180.2,,,42926.1342
2012-07-28,182,,,42925.1342
2012-07-29,193.6,,,42924.1342
2012-07-30,194.8,,,42923.1342
2012-07-31,176,,,42922.1342
2012-08-01,177,,,42921.1342
2012-08-02,176,,,42920.1342
2012-08-03,176,,,42919.1342
2012-08-04,189.7,,,42918.1342
2012-08-05,209.2,,,42917.1342
2012-08-06,200.7,,,42916.1342
2012-08-07,188,,,42915.1342
2012-08-08,194,,,42914.1342
2012-08-09,197,,,42913.1342
2012-08-10,197,,,42912.1342
2012-08-11,207.3,,,42911.1342
2012-08-12,213.5,,,42910.1342
2012-08-13,200.9,,,42909.1342
2012-08-14,190,,,42908.1342
2012-08-15,194.5,,,42907.1342
2012-08-16,190.8,,,42906.1342
2012-08-17,186,,,42905.1342
2012-08-18,184,,,42904.1342
2012-08-19,199.5,,,42903.1342
2012-08-20,197.4,,,42902.1342
2012-08-21,180.3,,,42901.1342
2012-08-22,176,,,42900.1342
2012-08-23,172,,,42899.1342
2012-08-24,172,,,42898.1342
2012-08-25,172,,,42897.1342
2012-08-26,187.2,,,42896.1342
2012-08-27,189.5,,,42895.1342
2012-08-28,172,,,42894.1342
2012-08-29,180,,,42893.1342
2012-08-30,180,,,42892.1342
2012-08-31,186.7,,,42891.1342
2012-09-01,189.1,,,42890.1342
2012-09-02,189.4,,,42889.1342
2012-09-03,187.3,,,42888.1342
2012-09-04,179.9,,,42887.1342
2012-09-05,180,,,42886.1342
2012-09-06,187.3,,,42885.1342
2012-09-07,176.3,,,42884.1342
2012-09-08,176,,,42883.1342
2012-09-09,176,,,42882.1342
2012-09-10,176,,,42881.1342
2012-09-11,177,,,42880.1342
2012-09-12,192.1,,,42879.1342
2012-09-13,189.7,,,42878.1342
2012-09-14,189.6,,,42877.1342
2012-09-15,183.7,,,42876.1342
2012-09-16,191,,,42875.1342
2012-09-17,195.5,,,42874.1342
2012-09-18,143,,,42873.1342
2012-09-19,184,,,42872.1342
2012-09-20,184,,,42871.1342
2012-09-21,184,,,42870.1342
2012-09-22,184,,,42869.1342
2012-09-23,184.5,,,42868.1342
2012-09-24,201.5,,,42867.1342
2012-09-25,183.9,,,42866.1342
2012-09-26,180,,,42865.1342
2012-09-27,177,,,42864.1342
2012-09-28,176,,,42863.1342
2012-09-29,176,,,42862.1342
2012-09-30,175,,,42861.1341
2012-10-01,178.5,,,42860.1341
2012-10-02,184.8,,,42859.1341
2012-10-03,189.3,,,42858.1341
2012-10-04,185.4,,,42857.1341
2012-10-05,187,,,42856.1341
2012-10-06,183,,,42855.1341
2012-10-07,179,,,42854.1341
2012-10-08,183,,,42853.1341
2012-10-09,176,,,42852.1341
2012-10-10,176,,,42851.1341
2012-10-11,176,,,42850.1341
2012-10-12,176,,,42849.1341
2012-10-13,177.8,,,42848.1341
2012-10-14,180.7,,,42847.1341
2012-10-15,197.3,,,42846.1341
2012-10-16,197,,,42845.1341
2012-10-17,197,,,42844.1341
2012-10-18,197,,,42843.1341
2012-10-19,197,,,42842.1341
2012-10-20,197,,,42841.1341
2012-10-21,197,,,42840.1341
2012-10-22,205.2,,,42839.1341
2012-10-23,197.6,,,42838.1341
2012-10-24,197,,,42837.1341
2012-10-25,196,,,42836.1341
2012-10-26,197,,,42835.1341
2012-10-27,197,,,42834.1341
2012-10-28,197,,,42833.1341
2012-10-29,197,,,42832.1341
2012-10-30,197,,,42831.1341
2012-10-31,197,,,42830.1341
2012-11-01,197,,,42829.1341
2012-11-02,207.2,,,42828.1341
2012-11-03,193.8,,,42827.1341
2012-11-04,202.4,,,42826.1341
2012-11-05,194,,,42825.1341
2012-11-06,175.1,,,42824.1341
2012-11-07,172,,,42823.1341
2012-11-08,172,,,42822.1341
2012-11-09,172,,,42821.1341
2012-11-10,172,,,42820.1341
2012-11-11,169,,,42819.1341
2012-11-12,174,,,42818.1341
2012-11-13,172.4,,,42817.1341
2012-11-14,166,,,42816.1341
2012-11-15,172,,,42815.1341
2012-11-16,172.8,,,42814.1341
2012-11-17,159,,,42813.1341
2012-11-18,153,,,42812.1341
2012-11-19,153,,,42811.1341
2012-11-20,151,,,42810.1341
2012-11-21,149,,,42809.1341
2012-11-22,149,,,42808.1341
2012-11-23,149,,,42807.1341
2012-11-24,149,,,42806.1341
2012-11-25,149,,,42805.1341
2012-11-26,149,,,42804.1341
2012-11-27,150,,,42803.1341
2012-11-28,135,,,42802.1341
2012-11-29,95,,,42801.1341
2012-11-30,53,,,42800.1341
2012-12-01,53,,,42799.1341
2012-12-02,177,,,42798.1341
2012-12-03,52.8,,,42797.1341
2012-12-04,52.3,,,42796.1341
2012-12-05,52.3,,,42795.1341
2012-12-06,75.3,,,42794.1341
2012-12-07,245.3,,,42793.1341
2012-12-08,246.3,,,42792.1341
2012-12-09,246.3,,,42791.1341
2012-12-10,246.3,,,42790.1341
2012-12-11,248,,,42789.1341
2012-12-12,250,,,42788.1341
2012-12-13,251,,,42787.1341
2012-12-14,730,,,42786.1341
2012-12-15,350,,,42785.1341
2012-12-16,350,,,42784.1341
2012-12-17,350,,,42783.1341
2012-12-18,350,,,42782.1341
2012-12-19,349,,,42781.1341
2012-12-20,318,,,42780.1341
2012-12-21,79,,,42779.1341
2012-12-22,76,,,42778.1341
2012-12-23,78,,,42777.1341
2012-12-24,79,,,42776.1341
2012-12-25,68.3,,,42775.1341
2012-12-26,92,,,42774.1341
2012-12-27,1759,,,42773.1341
2012-12-28,1993,,,42772.1341
2012-12-29,1937.5,,,42771.1341
2012-12-30,1992.4,,,42770.1341
2012-12-31,1944.4,,,42769.1341
2013-01-01,1529,,,42768.1341
2013-01-02,1067,,,42767.1341
2013-01-03,641,,,42766.1341
2013-01-04,390,,,42765.1341
2013-01-05,294,,,42764.1341
2013-01-06,160,,,42763.1341
2013-01-07,160,,,42762.1341
2013-01-08,162,,,42761.1341
2013-01-09,168,,,42760.1341
2013-01-10,171,,,42759.1341
2013-01-11,172,,,42758.1341
2013-01-12,172,,,42757.1341
2013-01-13,180.7,,,42756.1341
2013-01-14,182.7,,,42755.1341
2013-01-15,175,,,42754.1341
2013-01-16,175,,,42753.1341
2013-01-17,175,,,42752.1341
2013-01-18,175,,,42751.1341
2013-01-19,175,,,42750.1341
2013-01-20,175,,,42749.1341
2013-01-21,176,,,42748.1341
2013-01-22,172,,,42747.1341
2013-01-23,170,,,42746.1341
2013-01-24,172,,,42745.1341
2013-01-25,175,,,42744.1341
2013-01-26,175,,,42743.1341
2013-01-27,174,,,42742.1341
2013-01-28,175,,,42741.1341
2013-01-29,180.7,,,42740.1341
2013-01-30,175.4,,,42739.1341
2013-01-31,173.6,,,42738.1341
2013-02-01,173,,,42737.1341
2013-02-02,172,,,42736.1341
2013-02-03,174,,,42735.1341
2013-02-04,175,,,42734.1341
2013-02-05,175,,,42733.1341
2013-02-06,175,,,42732.1341
2013-02-07,175,,,42731.1341
2013-02-08,175,,,42730.1341
2013-02-09,176,,,42729.1341
2013-02-10,180.6,,,42728.1341
2013-02-11,176.6,,,42727.1341
2013-02-12,175.3,,,42726.1341
2013-02-13,176,,,42725.1341
2013-02-14,174,,,42724.1341
2013-02-15,173,,,42723.1341
2013-02-16,173,,,42722.1341
2013-02-17,173,,,42721.1341
2013-02-18,173,,,42720.1341
2013-02-19,173,,,42719.1341
2013-02-20,172,,,42718.1341
2013-02-21,173,,,42717.1341
2013-02-22,172,,,42716.1341
2013-02-23,172,,,42715.1341
2013-02-24,172,,,42714.1341
2013-02-25,172,,,42713.1341
2013-02-26,172,,,42712.1341
2013-02-27,174,,,42711.1341
2013-02-28,172,,,42710.1341
2013-03-01,162.9,,,42709.1341
2013-03-02,157,,,42708.1341
2013-03-03,157,,,42707.1341
2013-03-04,157,,,42706.1341
2013-03-05,157,,,42705.1341
2013-03-06,157,,,42704.1341
2013-03-07,157,,,42703.1341
2013-03-08,157,,,42702.1341
2013-03-09,157.2,,,42701.1341
2013-03-10,166.1,,,42700.1341
2013-03-11,166.2,,,42699.1341
2013-03-12,160.5,,,42698.1341
2013-03-13,159,,,42697.1341
2013-03-14,160,,,42696.1341
2013-03-15,160,,,42695.1341
2013-03-16,160,,,42694.1341
2013-03-17,160,,,42693.1341
2013-03-18,152,,,42692.1341
2013-03-19,142.5,,,42691.1341
2013-03-20,133,,,42690.1341
2013-03-21,113,,,42689.1341
2013-03-22,120,,,42688.1341
2013-03-23,147.9,,,42687.1341
2013-03-24,140.4,,,42686.1341
2013-03-25,139,,,42685.1341
2013-03-26,139,,,42684.1341
2013-03-27,139,,,42683.1341
2013-03-28,139,,,42682.1341
2013-03-29,139,,,42681.1341
2013-03-30,139,,,42680.1341
2013-03-31,159.1,,,42679.1341
2013-04-01,183,,,42678.1341
2013-04-02,173,,,42677.1341
2013-04-03,168,,,42676.1341
2013-04-04,152,,,42675.1341
2013-04-05,111,,,42674.1341
2013-04-06,120,,,42673.1341
2013-04-07,122,,,42672.1341
2013-04-08,118,,,42671.1341
2013-04-09,101,,,42670.1341
2013-04-10,554,,,42669.1341
2013-04-11,148,,,42668.1341
2013-04-12,148,,,42667.1341
2013-04-13,148,,,42666.1341
2013-04-14,162,,,42665.1341
2013-04-15,163,,,42664.1341
2013-04-16,172,,,42663.1341
2013-04-17,168,,,42662.1341
2013-04-18,166,,,42661.1341
2013-04-19,166,,,42660.1341
2013-04-20,166,,,42659.1341
2013-04-21,176,,,42658.1341
2013-04-22,177,,,42657.1341
2013-04-23,176,,,42656.1341
2013-04-24,173,,,42655.1341
2013-04-25,173,,,42654.1341
2013-04-26,173,,,42653.1341
2013-04-27,173,,,42652.1341
2013-04-28,177,,,42651.1341
2013-04-29,177,,,42650.1341
2013-04-30,177,,,42649.1341
2013-05-01,169,,,42648.1341
2013-05-02,146,,,42647.1341
2013-05-03,139,,,42646.1341
2013-05-04,115,,,42645.1341
2013-05-05,98,,,42644.1341
2013-05-06,80.2,,,42643.1341
2013-05-07,81.1,,,42642.1341
2013-05-08,81.1,,,42641.1341
2013-05-09,81.1,,,42640.1341
2013-05-10,81.1,,,42639.1341
2013-05-11,81.1,,,42638.1341
2013-05-12,81.1,,,42637.1341
2013-05-13,81.1,,,42636.1341
2013-05-14,81.1,,,42635.1341
2013-05-15,82.1,,,42634.1341
2013-05-16,84.1,,,42633.1341
2013-05-17,84.1,,,42632.1341
2013-05-18,84.1,,,42631.1341
2013-05-19,84.1,,,42630.1341
2013-05-20,84.1,,,42629.1341
2013-05-21,94.1,,,42628.1341
2013-05-22,96.1,,,42627.1341
2013-05-23,91.1,,,42626.1341
2013-05-24,86.1,,,42625.1341
2013-05-25,93.1,,,42624.1341
2013-05-26,94.1,,,42623.1341
2013-05-27,92.1,,,42622.1341
2013-05-28,86.1,,,42621.1341
2013-05-29,86.1,,,42620.1341
2013-05-30,89.1,,,42619.1341
2013-05-31,91.1,,,42618.1341
2013-06-01,91.1,,,42617.1341
2013-06-02,94.1,,,42616.1341
2013-06-03,99.1,,,42615.1341
2013-06-04,100.1,,,42614.1341
2013-06-05,102.1,,,42613.1341
2013-06-06,102.1,,,42612.1341
2013-06-07,101.1,,,42611.1341
2013-06-08,105.1,,,42610.1341
2013-06-09,105.1,,,42609.1341
2013-06-10,105.1,,,42608.1341
2013-06-11,101.1,,,42607.1341
2013-06-12,99.1,,,42606.1341
2013-06-13,100.1,,,42605.1341
2013-06-14,105.1,,,42604.1341
2013-06-15,105.1,,,42603.1341
2013-06-16,108.1,,,42602.1341
2013-06-17,117.1,,,42601.1341
2013-06-18,122.1,,,42600.1341
2013-06-19,127.1,,,42599.1341
2013-06-20,132.1,,,42598.1341
2013-06-21,132.1,,,42597.1341
2013-06-22,132.1,,,42596.1341
2013-06-23,132.1,,,42595.1341
2013-06-24,132.1,,,42594.1341
2013-06-25,123.1,,,42593.1341
2013-06-26,111.1,,,42592.1341
2013-06-27,110.1,,,42591.1341
2013-06-28,110.1,,,42590.1341
2013-06-29,115.1,,,42589.1341
2013-06-30,126.1,,,42588.1341
2013-07-01,135.1,,,42587.1341
2013-07-02,153.1,,,42586.1341
2013-07-03,158.1,,,42585.1341
2013-07-04,154.1,,,42584.1341
2013-07-05,153.1,,,42583.1341
2013-07-06,153.1,,,42582.1341
2013-07-07,153.1,,,42581.1341
2013-07-08,153.1,,,42580.1341
2013-07-09,148.1,,,42579.1341
2013-07-10,143.1,,,42578.1341
2013-07-11,146.1,,,42577.1341
2013-07-12,146.1,,,42576.1341
2013-07-13,143.1,,,42575.1341
2013-07-14,151.1,,,42574.1341
2013-07-15,161.1,,,42573.1341
2013-07-16,168.1,,,42572.1341
2013-07-17,168.1,,,42571.1341
2013-07-18,161.1,,,42570.1341
2013-07-19,157.1,,,42569.1341
2013-07-20,157.1,,,42568.1341
2013-07-21,165.1,,,42567.1341
2013-07-22,172.1,,,42566.1341
2013-07-23,172.1,,,42565.1341
2013-07-24,172.1,,,42564.1341
2013-07-25,172.1,,,42563.1341
2013-07-26,172.1,,,42562.1341
2013-07-27,172.1,,,42561.1341
2013-07-28,172.1,,,42560.1341
2013-07-29,171.1,,,42559.1341
2013-07-30,172.1,,,42558.1341
2013-07-31,169.1,,,42557.1341
2013-08-01,167.8,,,42556.1341
2013-08-02,164.1,,,42555.1341
2013-08-03,170.4,,,42554.1341
2013-08-04,172.1,,,42553.1341
2013-08-05,171.5,,,42552.1341
2013-08-06,167.3,,,42551.1341
2013-08-07,166.7,,,42550.1341
2013-08-08,163.7,,,42549.1341
2013-08-09,161.7,,,42548.1341
2013-08-10,160.7,,,42547.1341
2013-08-11,165.1,,,42546.1341
2013-08-12,159.6,,,42545.1341
2013-08-13,159.1,,,42544.1341
2013-08-14,167.8,,,42543.1341
2013-08-15,167.3,,,42542.1341
2013-08-16,168.8,,,42541.1341
2013-08-17,165.8,,,42540.1341
2013-08-18,167.1,,,42539.1341
2013-08-19,161.8,,,42538.1341
2013-08-20,158.7,,,42537.1341
2013-08-21,156.8,,,42536.1341
2013-08-22,156.8,,,42535.1341
2013-08-23,154.1,,,42534.1341
2013-08-24,161,,,42533.1341
2013-08-25,165,,,42532.1341
2013-08-26,163.1,,,42531.1341
2013-08-27,153.1,,,42530.1341
2013-08-28,153.1,,,42529.1341
2013-08-29,157.8,,,42528.1341
2013-08-30,159.8,,,42527.1341
2013-08-31,157.8,,,42526.1341
2013-09-01,162.1,,,42525.1341
2013-09-02,160.8,,,42524.1341
2013-09-03,156.8,,,42523.1341
2013-09-04,153.1,,,42522.1341
2013-09-05,157,,,42521.1341
2013-09-06,158.5,,,42520.1341
2013-09-07,161.1,,,42519.1341
2013-09-08,168.1,,,42518.1341
2013-09-09,163.7,,,42517.1341
2013-09-10,160.1,,,42516.1341
2013-09-11,163.5,,,42515.1341
2013-09-12,162.8,,,42514.1341
2013-09-13,157.1,,,42513.1341
2013-09-14,156.9,,,42512.1341
2013-09-15,151,,,42511.1341
2013-09-16,160.1,,,42510.1341
2013-09-17,160.8,,,42509.1341
2013-09-18,145.1,,,42508.1341
2013-09-19,148.7,,,42507.1341
2013-09-20,142.1,,,42506.1341
2013-09-21,142.1,,,42505.1341
2013-09-22,154,,,42504.1341
2013-09-23,147.9,,,42503.1341
2013-09-24,142.1,,,42502.1341
2013-09-25,144.1,,,42501.1341
2013-09-26,118.1,,,42500.1341
2013-09-27,146.1,,,42499.1341
2013-09-28,150.1,,,42498.1341
2013-09-29,153.7,,,42497.1341
2013-10-01,138.8,,,42495.1343
2013-10-02,134.1,,,42494.1343
2013-10-03,129,,,42493.1343
2013-10-04,128.9,,,42492.1343
2013-10-05,128.9,,,42491.1343
2013-10-06,129.2,,,42490.1343
2013-10-07,128.8,,,42489.1343
2013-10-08,129.4,,,42488.1343
2013-10-09,131.8,,,42487.1343
2013-10-10,132.2,,,42486.1343
2013-10-11,132.2,,,42485.1343
2013-10-12,132.2,,,42484.1343
2013-10-13,132.2,,,42483.1343
2013-10-14,132.2,,,42482.1343
2013-10-15,132.2,,,42481.1343
2013-10-16,132.2,,,42480.1343
2013-10-17,132.2,,,42479.1343
2013-10-18,132.1,,,42478.1343
2013-10-19,132.1,,,42477.1343
2013-10-20,132.2,,,42476.1343
2013-10-21,132.2,,,42475.1343
2013-10-22,128.5,,,42474.1343
2013-10-23,121.7,,,42473.1343
2013-10-24,122.5,,,42472.1343
2013-10-25,122.5,,,42471.1343
2013-10-26,122.5,,,42470.1343
2013-10-27,126.6,,,42469.1343
2013-10-28,132.6,,,42468.1343
2013-10-29,131.2,,,42467.1343
2013-10-30,125.8,,,42466.1343
2013-10-31,125.6,,,42465.1343
2013-11-01,125.7,,,42464.1343
2013-11-02,125.7,,,42463.1343
2013-11-03,125.7,,,42462.1343
2013-11-04,124.8,,,42461.1343
2013-11-05,124.8,,,42460.1343
2013-11-06,125.7,,,42459.1343
2013-11-07,125.7,,,42458.1343
2013-11-08,125.7,,,42457.1343
2013-11-09,125.7,,,42456.1343
2013-11-10,125.7,,,42455.1343
2013-11-11,125.7,,,42454.1343
2013-11-12,125.7,,,42453.1343
2013-11-13,306.6,,,42452.1343
2013-11-14,124.1,,,42451.1343
2013-11-15,122.8,,,42450.1343
2013-11-16,123.1,,,42449.1343
2013-11-17,125,,,42448.1343
2013-11-18,125.7,,,42447.1343
2013-11-19,125.7,,,42446.1343
2013-11-20,125.7,,,42445.1343
2013-11-21,125.7,,,42444.1343
2013-11-22,124,,,42443.1343
2013-11-23,122.5,,,42442.1343
2013-11-24,122.6,,,42441.1343
2013-11-25,122.6,,,42440.1343
2013-11-26,124.3,,,42439.1343
2013-11-27,125.7,,,42438.1343
2013-11-28,125.7,,,42437.1343
2013-11-29,125.7,,,42436.1343
2013-11-30,125.7,,,42435.1343
2013-12-01,125.7,,,42434.1343
2013-12-02,122.1,,,42433.1343
2013-12-03,122.3,,,42432.1343
2013-12-04,124.9,,,42431.1343
2013-12-05,124.9,,,42430.1343
2013-12-06,124.9,,,42429.1343
2013-12-07,117.7,,,42428.1343
2013-12-08,113.3,,,42427.1343
2013-12-09,123.8,,,42426.1343
2013-12-10,126.9,,,42425.1343
2013-12-11,127.8,,,42424.1343
2013-12-12,121.5,,,42423.1343
2013-12-13,115.9,,,42422.1343
2013-12-14,116.2,,,42421.1343
2013-12-15,116.2,,,42420.1343
2013-12-16,115.8,,,42419.1343
2013-12-17,112.9,,,42418.1343
2013-12-18,105.5,,,42417.1343
2013-12-19,105.6,,,42416.1343
2013-12-20,104.9,,,42415.1343
2013-12-21,105.3,,,42414.1343
2013-12-22,105.3,,,42413.1343
2013-12-23,105.3,,,42412.1343
2013-12-24,105.3,,,42411.1343
2013-12-25,105.3,,,42410.1343
2013-12-26,100.2,,,42409.1343
2013-12-27,94.3,,,42408.1343
2013-12-28,95.2,,,42407.1343
2013-12-29,95.2,,,42406.1343
2013-12-30,95.6,,,42405.1343
2013-12-31,95.8,,,42404.1343
2014-01-01,90.4,,,42403.1343
2014-01-02,79.2,,,42402.1343
2014-01-03,65.8,,,42401.1343
2014-01-04,46,,,42400.1343
2014-01-05,41.3,,,42399.1343
2014-01-06,49.8,,,42398.1343
2014-01-07,51.3,,,42397.1343
2014-01-08,51.4,,,42396.1343
2014-01-09,51.3,,,42395.1343
2014-01-10,51.3,,,42394.1343
2014-01-11,51.4,,,42393.1343
2014-01-12,49.1,,,42392.1343
2014-01-13,43.8,,,42391.1343
2014-01-14,43.5,,,42390.1343
2014-01-15,44.3,,,42389.1343
2014-01-16,40.1,,,42388.1343
2014-01-17,36,,,42387.1343
2014-01-18,36.5,,,42386.1343
2014-01-19,36.6,,,42385.1343
2014-01-20,36.3,,,42384.1343
2014-01-21,33.3,,,42383.1343
2014-01-22,30.5,,,42382.1343
2014-01-23,30.2,,,42381.1343
2014-01-24,30.1,,,42380.1343
2014-01-25,29.2,,,42379.1343
2014-01-26,29.7,,,42378.1343
2014-01-27,29.7,,,42377.1343
2014-01-28,29.9,,,42376.1343
2014-01-29,35.8,,,42375.1343
2014-01-30,37.7,,,42374.1343
2014-01-31,39.6,,,42373.1344
2014-02-01,42.4,,,42372.1344
2014-02-02,41.7,,,42371.1344
2014-02-03,42.5,,,42370.1344
2014-02-04,42.4,,,42369.1344
2014-02-05,40.6,,,42368.1344
2014-02-06,32,,,42367.1344
2014-02-07,30,,,42366.1344
2014-02-08,29.2,,,42365.1344
2014-02-09,27.3,,,42364.1344
2014-02-10,27.6,,,42363.1344
2014-02-11,29.3,,,42362.1344
2014-02-12,29.8,,,42361.1344
2014-02-13,29.4,,,42360.1344
2014-02-14,28.4,,,42359.1344
2014-02-15,30.1,,,42358.1344
2014-02-16,30.4,,,42357.1344
2014-02-17,30.6,,,42356.1344
2014-02-18,30.1,,,42355.1344
2014-02-19,28.8,,,42354.1344
2014-02-20,28.6,,,42353.1344
2014-02-21,28.4,,,42352.1344
2014-02-22,28.6,,,42351.1344
2014-02-23,28.6,,,42350.1344
2014-02-24,28.6,,,42349.1344
2014-02-25,28.3,,,42348.1344
2014-02-26,29.3,,,42347.1344
2014-02-27,29.7,,,42346.1344
2014-02-28,29.4,,,42345.1344
2014-03-01,29.2,,,42344.1344
2014-03-02,29.1,,,42343.1344
2014-03-03,28,,,42342.1344
2014-03-04,28.6,,,42341.1344
2014-03-05,26.6,,,42340.1344
2014-03-06,29,,,42339.1344
2014-03-07,28,,,42338.1344
2014-03-08,27.9,,,42337.1344
2014-03-09,25.9,,,42336.1344
2014-03-10,28.9,,,42335.1344
2014-03-11,29.7,,,42334.1344
2014-03-12,29.1,,,42333.1344
2014-03-13,29.2,,,42332.1344
2014-03-14,30,,,42331.1344
2014-03-15,30,,,42330.1344
2014-03-16,30.1,,,42329.1344
2014-03-17,30.1,,,42328.1344
2014-03-18,30.3,,,42327.1344
2014-03-19,30,,,42326.1344
2014-03-20,30.4,,,42325.1344
2014-03-21,30.7,,,42324.1344
2014-03-22,31.2,,,42323.1344
2014-03-23,31.7,,,42322.1344
2014-03-24,31.7,,,42321.1344
2014-03-25,31,,,42320.1344
2014-03-26,31.3,,,42319.1344
2014-03-27,31.5,,,42318.1344
2014-03-28,30.2,,,42317.1344
2014-03-29,32.8,,,42316.1344
2014-03-30,33.2,,,42315.1344
2014-03-31,30.9,,,42314.1344
2014-04-01,28.4,,,42313.1344
2014-04-02,27.7,,,42312.1344
2014-04-03,28.8,,,42311.1344
2014-04-04,26.7,,,42310.1344
2014-04-05,27.3,,,42309.1344
2014-04-06,28.2,,,42308.1344
2014-04-07,27.7,,,42307.1344
2014-04-08,31.3,,,42306.1344
2014-04-09,31.3,,,42305.1344
2014-04-10,31.2,,,42304.1344
2014-04-11,31.4,,,42303.1344
2014-04-12,30.9,,,42302.1344
2014-04-13,31.3,,,42301.1344
2014-04-14,31.1,,,42300.1344
2014-04-15,31.4,,,42299.1344
2014-04-16,30.6,,,42298.1344
2014-04-17,28.9,,,42297.1344
2014-04-18,29,,,42296.1344
2014-04-19,28.9,,,42295.1344
2014-04-20,28.9,,,42294.1344
2014-04-21,28.9,,,42293.1344
2014-04-22,29.6,,,42292.1344
2014-04-23,30.1,,,42291.1344
2014-04-24,30,,,42290.1344
2014-04-25,30.1,,,42289.1344
2014-04-26,33.2,,,42288.1344
2014-04-27,31.5,,,42287.1344
2014-04-28,32.1,,,42286.1344
2014-04-29,32.7,,,42285.1344
2014-04-30,32.6,,,42284.1344
2014-05-01,31.7,,,42283.1344
2014-05-02,31.3,,,42282.1344
2014-05-03,23.8,,,42281.1344
2014-05-04,17.3,,,42280.1344
2014-05-05,26.8,,,42279.1344
2014-05-06,31.7,,,42278.1344
2014-05-07,31.5,,,42277.1344
2014-05-08,31.3,,,42276.1344
2014-05-09,31.3,,,42275.1344
2014-05-10,31.6,,,42274.1344
2014-05-11,31.6,,,42273.1344
2014-05-12,30.8,,,42272.1344
2014-05-13,32.3,,,42271.1344
2014-05-14,30.3,,,42270.1344
2014-05-15,29.1,,,42269.1344
2014-05-16,29.2,,,42268.1344
2014-05-17,29.2,,,42267.1344
2014-05-18,29.2,,,42266.1344
2014-05-19,28.3,,,42265.1344
2014-05-20,29.3,,,42264.1344
2014-05-21,36.4,,,42263.1344
2014-05-22,36,,,42262.1344
2014-05-23,36.2,,,42261.1344
2014-05-24,37.1,,,42260.1344
2014-05-25,35.8,,,42259.1344
2014-05-26,36.5,,,42258.1344
2014-05-27,36.8,,,42257.1344
2014-05-28,46.2,,,42256.1344
2014-05-29,61.6,,,42255.1344
2014-05-30,84.2,,,42254.1344
2014-05-31,107.9,,,42253.1344
2014-06-01,119.3,,,42252.1344
2014-06-02,124.7,,,42251.1344
2014-06-03,124.7,,,42250.1344
2014-06-04,124.7,,,42249.1344
2014-06-05,124.7,,,42248.1344
2014-06-06,124.7,,,42247.1344
2014-06-07,124.7,,,42246.1344
2014-06-08,124.7,,,42245.1344
2014-06-09,124.7,,,42244.1344
2014-06-10,128.3,,,42243.1344
2014-06-11,131.1,,,42242.1344
2014-06-12,128.4,,,42241.1344
2014-06-13,127.9,,,42240.1344
2014-06-14,127.9,,,42239.1344
2014-06-15,127.9,,,42238.1344
2014-06-16,127.9,,,42237.1344
2014-06-17,126.4,,,42236.1344
2014-06-18,124.7,,,42235.1344
2014-06-19,123.1,,,42234.1344
2014-06-20,124.7,,,42233.1344
2014-06-21,124.7,,,42232.1344
2014-06-22,124.7,,,42231.1344
2014-06-23,125,,,42230.1344
2014-06-24,123,,,42229.1344
2014-06-25,124.4,,,42228.1344
2014-06-26,124.6,,,42227.1344
2014-06-27,124.8,,,42226.1344
2014-06-28,125.6,,,42225.1344
2014-06-29,136.7,,,42224.1344
2014-06-30,136.9,,,42223.1344
2014-07-01,138.1,,,42222.1344
2014-07-02,143.8,,,42221.1344
2014-07-03,144.5,,,42220.1344
2014-07-04,144.5,,,42219.1344
2014-07-05,144.4,,,42218.1344
2014-07-06,144.1,,,42217.1344
2014-07-07,141.4,,,42216.1344
2014-07-08,140.5,,,42215.1344
2014-07-09,137.7,,,42214.1344
2014-07-10,138.4,,,42213.1344
2014-07-11,143.6,,,42212.1344
2014-07-12,147.9,,,42211.1344
2014-07-13,152.3,,,42210.1344
2014-07-14,155.7,,,42209.1344
2014-07-15,155.2,,,42208.1344
2014-07-16,158.1,,,42207.1344
2014-07-17,153.4,,,42206.1344
2014-07-18,150,,,42205.1344
2014-07-19,151.5,,,42204.1344
2014-07-20,149.4,,,42203.1344
2014-07-21,148,,,42202.1344
2014-07-22,148.6,,,42201.1344
2014-07-23,148.7,,,42200.1344
2014-07-24,152.9,,,42199.1344
2014-07-25,155.1,,,42198.1344
2014-07-26,155.1,,,42197.1344
2014-07-27,155.1,,,42196.1344
2014-07-28,153.7,,,42195.1344
2014-07-29,155.1,,,42194.1344
2014-07-30,155.8,,,42193.1344
2014-07-31,157.8,,,42192.1344
2014-08-01,165.8,,,42191.1344
2014-08-02,168.6,,,42190.1344
2014-08-03,166.3,,,42189.1344
2014-08-04,163.5,,,42188.1344
2014-08-05,161,,,42187.1344
2014-08-06,157.5,,,42186.1344
2014-08-07,155.1,,,42185.1344
2014-08-08,155.1,,,42184.1344
2014-08-09,151.6,,,42183.1344
2014-08-10,148,,,42182.1344
2014-08-11,148.3,,,42181.1344
2014-08-12,143.9,,,42180.1344
2014-08-13,144.5,,,42179.1344
2014-08-14,144.7,,,42178.1344
2014-08-15,144.5,,,42177.1344
2014-08-16,144.5,,,42176.1344
2014-08-17,148.1,,,42175.1344
2014-08-18,151.5,,,42174.1344
2014-08-19,149.7,,,42173.1344
2014-08-20,144.5,,,42172.1344
2014-08-21,140.5,,,42171.1344
2014-08-22,138.1,,,42170.1344
2014-08-23,137.7,,,42169.1344
2014-08-24,137.7,,,42168.1344
2014-08-25,134.5,,,42167.1344
2014-08-26,121.6,,,42166.1344
2014-08-27,121.8,,,42165.1344
2014-08-28,122.3,,,42164.1344
2014-08-29,124.2,,,42163.1344
2014-08-30,124.7,,,42162.1344
2014-08-31,124.7,,,42161.1344
2014-09-01,124.7,,,42160.1344
2014-09-02,125,,,42159.1344
2014-09-03,120.9,,,42158.1344
2014-09-04,115.5,,,42157.1344
2014-09-05,115.5,,,42156.1344
2014-09-06,115.5,,,42155.1344
2014-09-07,115.5,,,42154.1344
2014-09-08,115.5,,,42153.1344
2014-09-09,115.5,,,42152.1344
2014-09-10,110.5,,,42151.1344
2014-09-11,104.6,,,42150.1344
2014-09-12,102.1,,,42149.1344
2014-09-13,101.3,,,42148.1344
2014-09-14,101.3,,,42147.1344
2014-09-15,106.9,,,42146.1344
2014-09-16,115.3,,,42145.1344
2014-09-17,97.8,,,42144.1344
2014-09-18,108.7,,,42143.1344
2014-09-19,107,,,42142.1344
2014-09-20,103.6,,,42141.1344
2014-09-21,98.6,,,42140.1344
2014-09-22,98.6,,,42139.1344
2014-09-23,98.6,,,42138.1344
2014-09-24,98.6,,,42137.1344
2014-09-25,98.6,,,42136.1344
2014-09-26,98.6,,,42135.1344
2014-09-27,98.7,,,42134.1344
2014-09-28,96.7,,,42133.1344
2014-09-29,93.4,,,42132.1344
2014-09-30,93.4,,,42131.1344
2014-10-01,95.2,,,42130.1344
2014-10-02,98.6,,,42129.1344
2014-10-03,98.6,,,42128.1344
2014-10-04,99.2,,,42127.1344
2014-10-05,98.9,,,42126.1344
2014-10-06,98.7,,,42125.1344
2014-10-07,98.6,,,42124.1344
2014-10-08,99,,,42123.1344
2014-10-09,100.5,,,42122.1344
2014-10-10,101.3,,,42121.1344
2014-10-11,101.3,,,42120.1344
2014-10-12,101.3,,,42119.1344
2014-10-13,101.3,,,42118.1344
2014-10-14,100,,,42117.1344
2014-10-15,98,,,42116.1344
2014-10-16,97.9,,,42115.1344
2014-10-17,98.6,,,42114.1344
2014-10-18,98.6,,,42113.1344
2014-10-19,98.6,,,42112.1344
2014-10-20,95.6,,,42111.1344
2014-10-21,92.4,,,42110.1344
2014-10-22,85.9,,,42109.1344
2014-10-23,85.9,,,42108.1344
2014-10-24,85.9,,,42107.1344
2014-10-25,85.9,,,42106.1344
2014-10-26,84.9,,,42105.1344
2014-10-27,83.7,,,42104.1344
2014-10-28,83.5,,,42103.1344
2014-10-29,83.5,,,42102.1344
2014-10-30,80.8,,,42101.1344
2014-10-31,76.2,,,42100.1344
2014-11-01,74.4,,,42099.1344
2014-11-02,70.4,,,42098.1344
2014-11-03,68,,,42097.1344
2014-11-04,68,,,42096.1344
2014-11-05,68,,,42095.1344
2014-11-06,68,,,42094.1344
2014-11-07,68.8,,,42093.1344
2014-11-08,70.1,,,42092.1344
2014-11-09,70.1,,,42091.1344
2014-11-10,70.1,,,42090.1344
2014-11-11,70.1,,,42089.1344
2014-11-12,66.3,,,42088.1344
2014-11-13,64,,,42087.1344
2014-11-14,62.1,,,42086.1344
2014-11-15,58.3,,,42085.1344
2014-11-16,58.3,,,42084.1344
2014-11-17,58.3,,,42083.1344
2014-11-18,58.3,,,42082.1344
2014-11-19,58.3,,,42081.1344
2014-11-20,57.1,,,42080.1344
2014-11-21,50.1,,,42079.1344
2014-11-22,40.6,,,42078.1344
2014-11-23,34.9,,,42077.1344
2014-11-24,39.5,,,42076.1344
2014-11-25,44.9,,,42075.1344
2014-11-26,47.4,,,42074.1344
2014-11-27,49.3,,,42073.1344
2014-11-28,48,,,42072.1344
2014-11-29,47.5,,,42071.1344
2014-11-30,36.8,,,42070.1344
2014-12-01,28,,,42069.1344
2014-12-02,27,,,42068.1344
2014-12-03,28.1,,,42067.1344
2014-12-04,27.7,,,42066.1344
2014-12-05,28.1,,,42065.1344
2014-12-06,28.2,,,42064.1344
2014-12-07,27.1,,,42063.1344
2014-12-08,27.1,,,42062.1344
2014-12-09,26.9,,,42061.1344
2014-12-10,26.9,,,42060.1344
2014-12-11,28.4,,,42059.1344
2014-12-12,25.3,,,42058.1344
2014-12-13,24.9,,,42057.1344
2014-12-14,24.7,,,42056.1344
2014-12-15,24.5,,,42055.1344
2014-12-16,24.6,,,42054.1344
2014-12-17,25.1,,,42053.1344
2014-12-18,24.7,,,42052.1344
2014-12-19,25.1,,,42051.1344
2014-12-20,24.6,,,42050.1344
2014-12-21,24.6,,,42049.1344
2014-12-22,24.7,,,42048.1344
2014-12-23,24.7,,,42047.1344
2014-12-24,24.7,,,42046.1344
2014-12-25,24.7,,,42045.1344
2014-12-26,24.7,,,42044.1344
2014-12-27,24.7,,,42043.1344
2014-12-28,24.7,,,42042.1344
2014-12-29,24.1,,,42041.1344
2014-12-30,26.5,,,42040.1344
2014-12-31,28.6,,,42039.1344
2015-01-01,30.5,,,42038.1344
2015-01-02,31.5,,,42037.1344
2015-01-03,30.3,,,42036.1344
2015-01-04,30.9,,,42035.1344
2015-01-05,29.3,,,42034.1344
2015-01-06,27.5,,,42033.1344
2015-01-07,27.2,,,42032.1344
2015-01-08,27.4,,,42031.1344
2015-01-09,27.4,,,42030.1344
2015-01-10,27.4,,,42029.1344
2015-01-11,27.4,,,42028.1344
2015-01-12,27.4,,,42027.1344
2015-01-13,27.4,,,42026.1344
2015-01-14,27.5,,,42025.1344
2015-01-15,27.4,,,42024.1344
